Peptide Sequence	Modified Sequence	Prev AA	Next AA	Start	End	Peptide Length	M/Z	Charge	Observed Mass	Compensation Voltage	Probability	Expectation	Spectral Count	Intensity	Match Type	Assigned Modifications	Observed Modifications	Protein	Protein ID	Entry Name	Gene	Protein Description	Mapped Genes	Mapped Proteins	Localization
AADESER	n[229.1629]AADESER	K	G	120	126	7	503.7538	2	1005.4954	0	0.6929	0.006657	1	1.63059024E8	MS/MS	N-term(229.1629)		sp|P06753|TPM3_HUMAN	P06753	TPM3_HUMAN	TPM3	Tropomyosin alpha-3 chain	TPM1, TPM2, TPM4	sp|P07951|TPM2_HUMAN, sp|P09493|TPM1_HUMAN, sp|P67936|TPM4_HUMAN	
AAEEQGDDQDSEK	n[229.1629]AAEEQGDDQDSEK[229.1629]	K	S	175	187	13	940.4497	2	1878.8853	0	0.9957	6.78E-7	1	1.4250744E8	MS/MS	N-term(229.1629),13K(229.1629)		sp|Q1KMD3|HNRL2_HUMAN	Q1KMD3	HNRL2_HUMAN	HNRNPUL2	Heterogeneous nuclear ribonucleoprotein U-like protein 2			K:229.1629@AAEEQGDDQDSEK(1);
AAELIANSLATAGDGLIELR	n[229.1629]AAELIANSLATAGDGLIELR	K	K	220	239	20	743.088	3	2226.246	0	0.9999	4.302E-9	1	2.15497552E8	MS/MS	N-term(229.1629)		sp|P35232|PHB1_HUMAN	P35232	PHB1_HUMAN	PHB1	Prohibitin 1			
AATDAQDANQCCTSCEDNAPATSYCVECSEPLCETCVEAHQR	n[229.1629]AATDAQDANQC[57.0215]C[57.0215]TSC[57.0215]EDNAPATSYC[57.0215]VEC[57.0215]SEPLC[57.0215]ETC[57.0215]VEAHQR	K	V	142	183	42	1274.5172	4	5094.061	0	1.0	4.38E-12	1	2.42499712E8	MS/MS	N-term(229.1629),11C(57.0215),12C(57.0215),15C(57.0215),25C(57.0215),28C(57.0215),33C(57.0215),36C(57.0215)		sp|Q13263|TIF1B_HUMAN	Q13263	TIF1B_HUMAN	TRIM28	Transcription intermediary factor 1-beta			C:57.0215@AATDAQDANQC(1)C(1)TSC(1)EDNAPATSYC(1)VEC(1)SEPLC(1)ETC(1)VEAHQR;
ADSSPVK	n[229.1629]ADSSPVK[229.1629]	K	A	44	50	7	581.3476	2	1160.6832	0	0.881	0.0374	1	1.48976141E9	MS/MS	N-term(229.1629),7K(229.1629)		sp|P0DOY2|IGLC2_HUMAN	P0DOY2	IGLC2_HUMAN	IGLC2	Immunoglobulin lambda constant 2	IGLC3	sp|P0DOY3|IGLC3_HUMAN	K:229.1629@ADSSPVK(1);
ADVDISGPK	n[229.1629]ADVDISGPK[229.1629]	K	I	776	784	9	680.3978	2	1358.7834	0	0.9902	0.005188	1	2.71877184E8	MS/MS	N-term(229.1629),9K(229.1629)		sp|Q09666|AHNK_HUMAN	Q09666	AHNK_HUMAN	AHNAK	Neuroblast differentiation-associated protein AHNAK			K:229.1629@ADVDISGPK(1);
AEDEVQR	n[229.1629]AEDEVQR	K	E	527	533	7	538.2827	2	1074.5526	0	0.6726	0.05776	1	2.65657216E8	MS/MS	N-term(229.1629)		sp|P0DMV8|HS71A_HUMAN	P0DMV8	HS71A_HUMAN	HSPA1A	Heat shock 70 kDa protein 1A	HSPA1B, HSPA1L	sp|P0DMV9|HS71B_HUMAN, sp|P34931|HS71L_HUMAN	
AEEDEILNRSPR	n[229.1629]AEEDEILNRSPR	K	N	574	585	12	553.295	3	1656.8667	0	0.9995	8.51E-7	1	9.5795622E8	MS/MS	N-term(229.1629)		sp|P27824|CALX_HUMAN	P27824	CALX_HUMAN	CANX	Calnexin			
AEGSDVANAVLDGADCIMLSGETAK	n[229.1629]AEGSDVANAVLDGADC[57.0215]IMLSGETAK[229.1629]	R	G	343	367	25	984.828	3	2951.4673	0	1.0	1.01E-12	1	1.47233216E9	MS/MS	N-term(229.1629),16C(57.0215),25K(229.1629)		sp|P14618|KPYM_HUMAN	P14618	KPYM_HUMAN	PKM	Pyruvate kinase PKM			C:57.0215@AEGSDVANAVLDGADC(1)IMLSGETAK;K:229.1629@AEGSDVANAVLDGADCIMLSGETAK(1);
AEGSDVANAVLDGADCIMLSGETAK	n[229.1629]AEGSDVANAVLDGADC[57.0215]IM[15.9949]LSGETAK[229.1629]	R	G	343	367	25	742.8715	4	2967.4607	0	0.9971	5.935E-7	1	1.10519216E8	MS/MS	N-term(229.1629),16C(57.0215),18M(15.9949),25K(229.1629)		sp|P14618|KPYM_HUMAN	P14618	KPYM_HUMAN	PKM	Pyruvate kinase PKM			C:57.0215@AEGSDVANAVLDGADC(1)IMLSGETAK;K:229.1629@AEGSDVANAVLDGADCIMLSGETAK(1);M:15.9949@AEGSDVANAVLDGADCIM(1)LSGETAK;
AELGTDLLSQLSLEDQK	n[229.1629]AELGTDLLSQLSLEDQK[229.1629]	K	R	779	795	17	773.4333	3	2317.2812	0	0.9939	4.205E-9	1	6.709864E7	MS/MS	N-term(229.1629),17K(229.1629)		sp|Q9UQE7|SMC3_HUMAN	Q9UQE7	SMC3_HUMAN	SMC3	Structural maintenance of chromosomes protein 3			K:229.1629@AELGTDLLSQLSLEDQK(1);
AFVDFLSDEIKEER	n[229.1629]AFVDFLSDEIK[229.1629]EER	K	K	81	94	14	719.3928	3	2155.1619	0	0.839	0.006528	1	1.0149768E8	MS/MS	N-term(229.1629),11K(229.1629)		sp|Q07021|C1QBP_HUMAN	Q07021	C1QBP_HUMAN	C1QBP	Complement component 1 Q subcomponent-binding protein, mitochondrial			K:229.1629@AFVDFLSDEIK(1)EER;
AGGFLMK	n[229.1629]AGGFLMK[229.1629]	K	K	185	191	7	591.3594	2	1180.7072	0	0.7301	0.07652	1	1.96671136E8	MS/MS	N-term(229.1629),7K(229.1629)		sp|P00558|PGK1_HUMAN	P00558	PGK1_HUMAN	PGK1	Phosphoglycerate kinase 1			K:229.1629@AGGFLMK(1);
AGLQVYNK	n[229.1629]AGLQVYNK[229.1629]	K	C	56	63	8	675.9108	2	1349.8104	0	0.9501	4.211E-4	1	6.079224E7	MS/MS	N-term(229.1629),8K(229.1629)		sp|P13987|CD59_HUMAN	P13987	CD59_HUMAN	CD59	CD59 glycoprotein			K:229.1629@AGLQVYNK(1);
ALAPEYAK	n[229.1629]ALAPEYAK[229.1629]	K	A	58	65	8	660.9	2	1319.7882	0	0.965	4.988E-4	1	1.22549171E9	MS/MS	N-term(229.1629),8K(229.1629)		sp|P07237|PDIA1_HUMAN	P07237	PDIA1_HUMAN	P4HB	Protein disulfide-isomerase			K:229.1629@ALAPEYAK(1);
ALDLFSDNAPPPELLEIINEDIAK	n[229.1629]ALDLFSDNAPPPELLEIINEDIAK[229.1629]	R	R	265	288	24	1032.5687	3	3094.685	0	0.9917	8.297E-6	1	2.2779372E7	MS/MS	N-term(229.1629),24K(229.1629)		sp|Q15084|PDIA6_HUMAN	Q15084	PDIA6_HUMAN	PDIA6	Protein disulfide-isomerase A6			K:229.1629@ALDLFSDNAPPPELLEIINEDIAK(1);
ALDLNLK	n[229.1629]ALDLNLK[229.1629]	R	H	66	72	7	622.9025	2	1243.7927	0	0.8607	0.04732	1	9.601416E7	MS/MS	N-term(229.1629),7K(229.1629)		sp|P14927|QCR7_HUMAN	P14927	QCR7_HUMAN	UQCRB	Cytochrome b-c1 complex subunit 7			K:229.1629@ALDLNLK(1);
ALTVPELTQQVFDAK	n[229.1629]ALTVPELTQQVFDAK[229.1629]	R	N	283	297	15	706.7451	3	2117.2188	0	0.9754	4.996E-7	1	7.8760493E8	MS/MS	N-term(229.1629),15K(229.1629)		sp|P07437|TBB5_HUMAN	P07437	TBB5_HUMAN	TUBB	Tubulin beta chain			K:229.1629@ALTVPELTQQVFDAK(1);
AMGIMNSFLNDIFER	n[229.1629]AMGIMNSFLNDIFER	K	I	59	73	15	663.0041	3	1986.9899	0	0.699	0.009401	1	3.75575E7	MS/MS	N-term(229.1629)		sp|Q6DN03|H2B2C_HUMAN	Q6DN03	H2B2C_HUMAN	H2BC20P	Putative histone H2B type 2-C	H2BC19P	sp|Q6DRA6|H2B2D_HUMAN	
AMGIMNSFVNDIFER	n[229.1629]AMGIMNSFVNDIFER	K	I	59	73	15	986.9947	2	1971.978	0	0.9999	3.487E-10	1	1.99747648E9	MS/MS	N-term(229.1629)		sp|O60814|H2B1K_HUMAN	O60814	H2B1K_HUMAN	H2BC12	Histone H2B type 1-K	H2BC11, H2BC12L, H2BC13, H2BC14, H2BC15, H2BC17, H2BC18, H2BC21, H2BC26, H2BC3, H2BC4, H2BC5, H2BC9	sp|P06899|H2B1J_HUMAN, sp|P23527|H2B1O_HUMAN, sp|P33778|H2B1B_HUMAN, sp|P57053|H2BFS_HUMAN, sp|P58876|H2B1D_HUMAN, sp|P62807|H2B1C_HUMAN, sp|Q16778|H2B2E_HUMAN, sp|Q5QNW6|H2B2F_HUMAN, sp|Q8N257|H2B3B_HUMAN, sp|Q93079|H2B1H_HUMAN, sp|Q99877|H2B1N_HUMAN, sp|Q99879|H2B1M_HUMAN, sp|Q99880|H2B1L_HUMAN	
AMGIMNSFVNDIFER	n[229.1629]AMGIMNSFVNDIFER	K	I	59	73	15	658.3322	3	1971.976	0	0.9408	9.405E-6	5	3989670.0	MS/MS	N-term(229.1629)		sp|O60814|H2B1K_HUMAN	O60814	H2B1K_HUMAN	H2BC12	Histone H2B type 1-K	H2BC11, H2BC12L, H2BC13, H2BC14, H2BC15, H2BC17, H2BC18, H2BC21, H2BC26, H2BC3, H2BC4, H2BC5, H2BC9	sp|P06899|H2B1J_HUMAN, sp|P23527|H2B1O_HUMAN, sp|P33778|H2B1B_HUMAN, sp|P57053|H2BFS_HUMAN, sp|P58876|H2B1D_HUMAN, sp|P62807|H2B1C_HUMAN, sp|Q16778|H2B2E_HUMAN, sp|Q5QNW6|H2B2F_HUMAN, sp|Q8N257|H2B3B_HUMAN, sp|Q93079|H2B1H_HUMAN, sp|Q99877|H2B1N_HUMAN, sp|Q99879|H2B1M_HUMAN, sp|Q99880|H2B1L_HUMAN	
AMGIMNSFVNDIFER	n[229.1629]AMGIM[15.9949]NSFVNDIFER	K	I	59	73	15	663.6638	3	1988.9905	0	0.9728	4.263E-5	1	2451551.5	MS/MS	N-term(229.1629),5M(15.9949)		sp|O60814|H2B1K_HUMAN	O60814	H2B1K_HUMAN	H2BC12	Histone H2B type 1-K	H2BC11, H2BC12L, H2BC13, H2BC14, H2BC15, H2BC17, H2BC18, H2BC21, H2BC26, H2BC3, H2BC4, H2BC5, H2BC9	sp|P06899|H2B1J_HUMAN, sp|P23527|H2B1O_HUMAN, sp|P33778|H2B1B_HUMAN, sp|P57053|H2BFS_HUMAN, sp|P58876|H2B1D_HUMAN, sp|P62807|H2B1C_HUMAN, sp|Q16778|H2B2E_HUMAN, sp|Q5QNW6|H2B2F_HUMAN, sp|Q8N257|H2B3B_HUMAN, sp|Q93079|H2B1H_HUMAN, sp|Q99877|H2B1N_HUMAN, sp|Q99879|H2B1M_HUMAN, sp|Q99880|H2B1L_HUMAN	M:15.9949@AMGIM(1)NSFVNDIFER;
AMQGLTGR	n[229.1629]AMQGLTGR	K	K	445	452	8	531.8	2	1061.5863	0	0.9278	0.06538	1	8.2488904E7	MS/MS	N-term(229.1629)		sp|P26368|U2AF2_HUMAN	P26368	U2AF2_HUMAN	U2AF2	Splicing factor U2AF 65 kDa subunit			
AMGIMNSFLNDIFER	n[229.1629]AM[15.9949]GIMNSFLNDIFER	K	I	59	73	15	1002.0	2	2004.003	0	0.649	0.005672	1	5.6427348E7	MS/MS	N-term(229.1629),2M(15.9949)		sp|Q6DN03|H2B2C_HUMAN	Q6DN03	H2B2C_HUMAN	H2BC20P	Putative histone H2B type 2-C	H2BC19P	sp|Q6DRA6|H2B2D_HUMAN	M:15.9949@AM(1)GIMNSFLNDIFER;
AMGIMNSFVNDIFER	n[229.1629]AM[15.9949]GIMNSFVNDIFER	K	I	59	73	15	663.6638	3	1987.9734	0	0.9957	2.706E-7	1	1.31267098E9	MS/MS	N-term(229.1629),2M(15.9949)		sp|O60814|H2B1K_HUMAN	O60814	H2B1K_HUMAN	H2BC12	Histone H2B type 1-K	H2BC11, H2BC12L, H2BC13, H2BC14, H2BC15, H2BC17, H2BC18, H2BC21, H2BC26, H2BC3, H2BC4, H2BC5, H2BC9	sp|P06899|H2B1J_HUMAN, sp|P23527|H2B1O_HUMAN, sp|P33778|H2B1B_HUMAN, sp|P57053|H2BFS_HUMAN, sp|P58876|H2B1D_HUMAN, sp|P62807|H2B1C_HUMAN, sp|Q16778|H2B2E_HUMAN, sp|Q5QNW6|H2B2F_HUMAN, sp|Q8N257|H2B3B_HUMAN, sp|Q93079|H2B1H_HUMAN, sp|Q99877|H2B1N_HUMAN, sp|Q99879|H2B1M_HUMAN, sp|Q99880|H2B1L_HUMAN	M:15.9949@AM(1)GIMNSFVNDIFER;
AMGIMNSFVNDIFER	n[229.1629]AM[15.9949]GIM[15.9949]NSFVNDIFER	K	I	59	73	15	1002.9896	2	2003.9644	0	0.8955	4.407E-4	1	7373352.0	MS/MS	N-term(229.1629),2M(15.9949),5M(15.9949)		sp|O60814|H2B1K_HUMAN	O60814	H2B1K_HUMAN	H2BC12	Histone H2B type 1-K	H2BC11, H2BC12L, H2BC13, H2BC14, H2BC15, H2BC17, H2BC18, H2BC21, H2BC26, H2BC3, H2BC4, H2BC5, H2BC9	sp|P06899|H2B1J_HUMAN, sp|P23527|H2B1O_HUMAN, sp|P33778|H2B1B_HUMAN, sp|P57053|H2BFS_HUMAN, sp|P58876|H2B1D_HUMAN, sp|P62807|H2B1C_HUMAN, sp|Q16778|H2B2E_HUMAN, sp|Q5QNW6|H2B2F_HUMAN, sp|Q8N257|H2B3B_HUMAN, sp|Q93079|H2B1H_HUMAN, sp|Q99877|H2B1N_HUMAN, sp|Q99879|H2B1M_HUMAN, sp|Q99880|H2B1L_HUMAN	M:15.9949@AM(1)GIM(1)NSFVNDIFER;
AMGIMNSFVNDIFER	n[229.1629]AM[15.9949]GIM[15.9949]NSFVNDIFER	K	I	59	73	15	668.9955	3	2003.9689	0	0.9909	2.79E-6	1	1.41097856E8	MS/MS	N-term(229.1629),2M(15.9949),5M(15.9949)		sp|O60814|H2B1K_HUMAN	O60814	H2B1K_HUMAN	H2BC12	Histone H2B type 1-K	H2BC11, H2BC12L, H2BC13, H2BC14, H2BC15, H2BC17, H2BC18, H2BC21, H2BC26, H2BC3, H2BC4, H2BC5, H2BC9	sp|P06899|H2B1J_HUMAN, sp|P23527|H2B1O_HUMAN, sp|P33778|H2B1B_HUMAN, sp|P57053|H2BFS_HUMAN, sp|P58876|H2B1D_HUMAN, sp|P62807|H2B1C_HUMAN, sp|Q16778|H2B2E_HUMAN, sp|Q5QNW6|H2B2F_HUMAN, sp|Q8N257|H2B3B_HUMAN, sp|Q93079|H2B1H_HUMAN, sp|Q99877|H2B1N_HUMAN, sp|Q99879|H2B1M_HUMAN, sp|Q99880|H2B1L_HUMAN	M:15.9949@AM(1)GIM(1)NSFVNDIFER;
ANACNSVIK	n[229.1629]ANAC[57.0215]NSVIK[229.1629]	R	Q	468	476	9	717.9105	2	1433.8094	0	0.9852	1.388E-5	1	1.40015056E8	MS/MS	N-term(229.1629),4C(57.0215),9K(229.1629)		sp|P16615|AT2A2_HUMAN	P16615	AT2A2_HUMAN	ATP2A2	Sarcoplasmic/endoplasmic reticulum calcium ATPase 2			C:57.0215@ANAC(1)NSVIK;K:229.1629@ANACNSVIK(1);
ANCIDSTASAEAVFASEVK	n[229.1629]ANC[57.0215]IDSTASAEAVFASEVK[229.1629]	K	K	266	284	19	810.0858	3	2427.2485	0	0.9996	1.027E-8	1	1.11031592E8	MS/MS	N-term(229.1629),19K(229.1629),3C(57.0215)		sp|P22087|FBRL_HUMAN	P22087	FBRL_HUMAN	FBL	rRNA 2'-O-methyltransferase fibrillarin			C:57.0215@ANC(1)IDSTASAEAVFASEVK;K:229.1629@ANCIDSTASAEAVFASEVK(1);
ANNTFYGLSAGVFTK	n[229.1629]ANNTFYGLSAGVFTK[229.1629]	R	D	421	435	15	683.3787	3	2047.118	0	0.9924	1.746E-7	1	7.1125728E8	MS/MS	N-term(229.1629),15K(229.1629)		sp|P00352|AL1A1_HUMAN	P00352	AL1A1_HUMAN	ALDH1A1	Aldehyde dehydrogenase 1A1			K:229.1629@ANNTFYGLSAGVFTK(1);
AQFAQPEILIGTIPGAGGTQR	n[229.1629]AQFAQPEILIGTIPGAGGTQR	K	L	158	178	21	785.4391	3	2353.3008	0	0.9997	1.311E-10	1	4.14106656E8	MS/MS	N-term(229.1629)		sp|P30084|ECHM_HUMAN	P30084	ECHM_HUMAN	ECHS1	Enoyl-CoA hydratase, mitochondrial			
ATLQEILPEVLK	n[229.1629]ATLQEILPEVLK[229.1629]	K	A	191	202	12	604.713	3	1811.1211	0	0.8607	1.729E-4	1	3.6645184E7	MS/MS	N-term(229.1629),12K(229.1629)		sp|Q9BQG0|MBB1A_HUMAN	Q9BQG0	MBB1A_HUMAN	MYBBP1A	Myb-binding protein 1A			K:229.1629@ATLQEILPEVLK(1);
ATVNLLGEEK	n[229.1629]ATVNLLGEEK[229.1629]	K	K	177	186	10	766.4583	2	1530.9061	0	0.9968	4.584E-6	1	1.01162232E8	MS/MS	N-term(229.1629),10K(229.1629)		sp|Q00765|REEP5_HUMAN	Q00765	REEP5_HUMAN	REEP5	Receptor expression-enhancing protein 5			K:229.1629@ATVNLLGEEK(1);
AVDIPHMDIEALK	n[229.1629]AVDIPHMDIEALK[229.1629]	K	K	79	91	13	637.3655	3	1909.0776	0	0.9661	1.045E-6	1	1.01634824E8	MS/MS	N-term(229.1629),13K(229.1629)		sp|P62906|RL10A_HUMAN	P62906	RL10A_HUMAN	RPL10A	Large ribosomal subunit protein uL1			K:229.1629@AVDIPHMDIEALK(1);
AVLLGPPGAGK	n[229.1629]AVLLGPPGAGK[229.1629]	R	G	18	28	11	479.9779	3	1436.9149	0	0.816	0.001474	1	4.8961704E7	MS/MS	N-term(229.1629),11K(229.1629)		sp|P54819|KAD2_HUMAN	P54819	KAD2_HUMAN	AK2	Adenylate kinase 2, mitochondrial			K:229.1629@AVLLGPPGAGK(1);
AVVVCPK	n[229.1629]AVVVC[57.0215]PK[229.1629]	K	D	603	609	7	615.8858	2	1229.7594	0	0.8873	0.02635	1	1.41150963E9	MS/MS	N-term(229.1629),5C(57.0215),7K(229.1629)		sp|Q00839|HNRPU_HUMAN	Q00839	HNRPU_HUMAN	HNRNPU	Heterogeneous nuclear ribonucleoprotein U			C:57.0215@AVVVC(1)PK;K:229.1629@AVVVCPK(1);
CDLEDER	n[229.1629]C[57.0215]DLEDER	K	V	118	124	7	583.2714	2	1164.5309	0	0.7609	0.006187	1	1.4781776E8	MS/MS	N-term(229.1629),1C(57.0215)		sp|A6NIZ1|RP1BL_HUMAN	A6NIZ1	RP1BL_HUMAN	RAP1BL	Ras-related protein Rap-1b-like protein	RAB3D, RAP1A, RAP1B	sp|O95716|RAB3D_HUMAN, sp|P61224|RAP1B_HUMAN, sp|P62834|RAP1A_HUMAN	C:57.0215@C(1)DLEDER;
CELSSSVQTDINLPYLTMDSSGPK	n[229.1629]C[57.0215]ELSSSVQTDINLPYLTMDSSGPK[229.1629]	K	H	317	340	24	1034.1909	3	3099.5571	0	0.9994	4.528E-11	1	2.04131792E8	MS/MS	N-term(229.1629),1C(57.0215),24K(229.1629)		sp|P38646|GRP75_HUMAN	P38646	GRP75_HUMAN	HSPA9	Stress-70 protein, mitochondrial			C:57.0215@C(1)ELSSSVQTDINLPYLTMDSSGPK;K:229.1629@CELSSSVQTDINLPYLTMDSSGPK(1);
CTELNQAWSSLGK	n[229.1629]C[57.0215]TELNQAWSSLGK[229.1629]	K	R	1314	1326	13	651.3485	3	1951.0256	0	0.9692	2.524E-5	1	3.778856E7	MS/MS	N-term(229.1629),13K(229.1629),1C(57.0215)		sp|Q13813|SPTN1_HUMAN	Q13813	SPTN1_HUMAN	SPTAN1	Spectrin alpha chain, non-erythrocytic 1			C:57.0215@C(1)TELNQAWSSLGK;K:229.1629@CTELNQAWSSLGK(1);
DDGLFSGDPNWFPK	n[229.1629]DDGLFSGDPNWFPK[229.1629]	R	K	140	153	14	685.0191	3	2052.0386	0	0.8702	3.654E-5	2	9.1305456E7	MS/MS	N-term(229.1629),14K(229.1629)		sp|P37802|TAGL2_HUMAN	P37802	TAGL2_HUMAN	TAGLN2	Transgelin-2			K:229.1629@DDGLFSGDPNWFPK(1);
DDTDDEIAK	n[229.1629]DDTDDEIAK[229.1629]	K	Y	91	99	9	740.3825	2	1478.753	0	0.9846	2.469E-4	1	1.59845069E9	MS/MS	N-term(229.1629),9K(229.1629)		sp|P27824|CALX_HUMAN	P27824	CALX_HUMAN	CANX	Calnexin			K:229.1629@DDTDDEIAK(1);
DFTPVCTTELGR	n[229.1629]DFTPVC[57.0215]TTELGR	R	A	42	53	12	812.9136	2	1623.8192	0	0.9908	1.204E-7	1	1.9466016E8	MS/MS	N-term(229.1629),6C(57.0215)		sp|P30041|PRDX6_HUMAN	P30041	PRDX6_HUMAN	PRDX6	Peroxiredoxin-6			C:57.0215@DFTPVC(1)TTELGR;
DGQVINETSQHHDDLE	n[229.1629]DGQVINETSQHHDDLE	R	-	451	466	16	689.3256	3	2064.9592	0	0.9587	5.646E-5	1	3.63674573E9	MS/MS	N-term(229.1629)		sp|P08670|VIME_HUMAN	P08670	VIME_HUMAN	VIM	Vimentin			
DIDDDLEGEVTEECGK	n[229.1629]DIDDDLEGEVTEEC[57.0215]GK[229.1629]	K	F	474	489	16	761.363	3	2281.0742	0	0.9947	1.814E-6	1	4.55703744E8	MS/MS	N-term(229.1629),14C(57.0215),16K(229.1629)		sp|Q9UHX1|PUF60_HUMAN	Q9UHX1	PUF60_HUMAN	PUF60	Poly(U)-binding-splicing factor PUF60			C:57.0215@DIDDDLEGEVTEEC(1)GK;K:229.1629@DIDDDLEGEVTEECGK(1);
DIGAIAR	n[229.1629]DIGAIAR	K	V	183	189	7	472.79	2	943.56726	0	0.7553	1.358	1	1.84415024E8	MS/MS	N-term(229.1629)		sp|Q9BPU6|DPYL5_HUMAN	Q9BPU6	DPYL5_HUMAN	DPYSL5	Dihydropyrimidinase-related protein 5			
DLSTIEPLKK	n[229.1629]DLSTIEPLK[229.1629]K[229.1629]	K	L	102	111	10	611.055	3	1830.1492	0	0.8894	1.927E-4	1	1.70666784E8	MS/MS	N-term(229.1629),10K(229.1629),9K(229.1629)		sp|P39687|AN32A_HUMAN	P39687	AN32A_HUMAN	ANP32A	Acidic leucine-rich nuclear phosphoprotein 32 family member A	ANP32D	sp|O95626|AN32D_HUMAN	K:229.1629@DLSTIEPLK(1)K(1);
DLYANTVLSGGTTMYPGIADR	n[229.1629]DLYANTVLSGGTTM[15.9949]YPGIADR	K	M	292	312	21	820.7474	3	2459.224	0	0.9955	2.114E-6	1	2.777696E8	MS/MS	N-term(229.1629),14M(15.9949)		sp|P60709|ACTB_HUMAN	P60709	ACTB_HUMAN	ACTB	Actin, cytoplasmic 1	ACTG1	sp|P63261|ACTG_HUMAN	M:15.9949@DLYANTVLSGGTTM(1)YPGIADR;
DLYEDELVPLFEK	n[229.1629]DLYEDELVPLFEK[229.1629]	R	A	175	187	13	690.0467	3	2067.122	0	0.9649	1.246E-5	1	3.12944896E8	MS/MS	N-term(229.1629),13K(229.1629)		sp|O43390|HNRPR_HUMAN	O43390	HNRPR_HUMAN	HNRNPR	Heterogeneous nuclear ribonucleoprotein R			K:229.1629@DLYEDELVPLFEK(1);
DNNLLGK	n[229.1629]DNNLLGK[229.1629]	K	F	452	458	7	616.3741	2	1230.7355	0	0.7792	0.06327	1	4.57011584E8	MS/MS	N-term(229.1629),7K(229.1629)		sp|P11142|HSP7C_HUMAN	P11142	HSP7C_HUMAN	HSPA8	Heat shock cognate 71 kDa protein	HSPA2	sp|P54652|HSP72_HUMAN	K:229.1629@DNNLLGK(1);
DVQTALALAK	n[229.1629]DVQTALALAK[229.1629]	K	G	70	79	10	744.4635	2	1486.915	0	0.9891	2.782E-4	1	2.35265648E8	MS/MS	N-term(229.1629),10K(229.1629)		sp|Q99714|HCD2_HUMAN	Q99714	HCD2_HUMAN	HSD17B10	3-hydroxyacyl-CoA dehydrogenase type-2			K:229.1629@DVQTALALAK(1);
EAILAIHK	n[229.1629]EAILAIHK[229.1629]	R	E	585	592	8	451.627	3	1351.8627	0	0.808	0.009419	1	1.06211272E8	MS/MS	N-term(229.1629),8K(229.1629)		sp|O43707|ACTN4_HUMAN	O43707	ACTN4_HUMAN	ACTN4	Alpha-actinin-4			K:229.1629@EAILAIHK(1);
EEGETADTVGCCSLR	n[229.1629]EEGETADTVGC[57.0215]C[57.0215]SLR	K	V	494	508	15	638.2907	3	1912.8655	0	0.9324	2.605E-4	1	2.0254104E7	MS/MS	N-term(229.1629),11C(57.0215),12C(57.0215)		sp|P11387|TOP1_HUMAN	P11387	TOP1_HUMAN	TOP1	DNA topoisomerase 1			C:57.0215@EEGETADTVGC(1)C(1)SLR;
EELEALFLPYDLK	n[229.1629]EELEALFLPYDLK[229.1629]	R	R	811	823	13	680.0552	3	2037.1489	0	0.7198	6.638E-5	1	9012445.0	MS/MS	N-term(229.1629),13K(229.1629)		sp|Q9H0A0|NAT10_HUMAN	Q9H0A0	NAT10_HUMAN	NAT10	RNA cytidine acetyltransferase			K:229.1629@EELEALFLPYDLK(1);
EESEESDEDMGFGLFD	n[229.1629]EESEESDEDMGFGLFD	K	-	302	317	16	1032.925	2	2063.84	0	0.9372	2.246E-5	2	1.45553472E8	MS/MS	N-term(229.1629)		sp|P05388|RLA0_HUMAN	P05388	RLA0_HUMAN	RPLP0	Large ribosomal subunit protein uL10	RPLP0P6	sp|Q8NHW5|RLA0L_HUMAN	
EFSGNPIK	n[229.1629]EFSGNPIK[229.1629]	K	V	358	365	8	675.3951	2	1348.7777	0	0.9827	3.538E-4	1	6.3545658E8	MS/MS	N-term(229.1629),8K(229.1629)		sp|P35637|FUS_HUMAN	P35637	FUS_HUMAN	FUS	RNA-binding protein FUS			K:229.1629@EFSGNPIK(1);
EIVDSYLPVILDIIK	n[229.1629]EIVDSYLPVILDIIK[229.1629]	K	G	108	122	15	730.113	3	2187.3193	0	0.986	5.687E-6	1	1.6931076E7	MS/MS	N-term(229.1629),15K(229.1629)		sp|P07602|SAP_HUMAN	P07602	SAP_HUMAN	PSAP	Prosaposin			K:229.1629@EIVDSYLPVILDIIK(1);
ELEEIVQPIISK	n[229.1629]ELEEIVQPIISK[229.1629]	K	L	622	633	12	619.3763	3	1855.1099	0	0.8577	9.653E-5	1	4.69037696E8	MS/MS	N-term(229.1629),12K(229.1629)		sp|P11021|BIP_HUMAN	P11021	BIP_HUMAN	HSPA5	Endoplasmic reticulum chaperone BiP			K:229.1629@ELEEIVQPIISK(1);
ELIIGDR	n[229.1629]ELIIGDR	R	Q	208	214	7	522.8161	2	1043.6199	0	0.9214	0.3278	1	1.27770253E9	MS/MS	N-term(229.1629)		sp|P25705|ATPA_HUMAN	P25705	ATPA_HUMAN	ATP5F1A	ATP synthase subunit alpha, mitochondrial			
EMLQQSK	n[229.1629]EMLQQSK[229.1629]	R	I	401	407	7	661.3811	2	1320.7499	0	0.8274	0.009189	1	4.43621952E8	MS/MS	N-term(229.1629),7K(229.1629)		sp|P07900|HS90A_HUMAN	P07900	HS90A_HUMAN	HSP90AA1	Heat shock protein HSP 90-alpha	HSP90AB1, HSP90AB3P	sp|P08238|HS90B_HUMAN, sp|Q58FF7|H90B3_HUMAN	K:229.1629@EMLQQSK(1);
ENFQNWLK	n[229.1629]ENFQNWLK[229.1629]	R	D	50	57	8	768.9323	2	1535.8539	0	0.9767	0.001825	1	4.75419584E8	MS/MS	N-term(229.1629),8K(229.1629)		sp|P37802|TAGL2_HUMAN	P37802	TAGL2_HUMAN	TAGLN2	Transgelin-2			K:229.1629@ENFQNWLK(1);
EQAGGDATENFEDVGHSTDAR	n[229.1629]EQAGGDATENFEDVGHSTDAR	R	E	53	73	21	812.3684	3	2434.0918	0	0.9993	3.357E-8	1	3.2563454E7	MS/MS	N-term(229.1629)		sp|P00167|CYB5_HUMAN	P00167	CYB5_HUMAN	CYB5A	Cytochrome b5			
ETGVDLTK	n[229.1629]ETGVDLTK[229.1629]	R	D	293	300	8	660.8923	2	1319.7723	0	0.9795	0.005194	1	5.3807251E8	MS/MS	N-term(229.1629),8K(229.1629)		sp|P38646|GRP75_HUMAN	P38646	GRP75_HUMAN	HSPA9	Stress-70 protein, mitochondrial			K:229.1629@ETGVDLTK(1);
ETVSEESNVLCLSK	n[229.1629]ETVSEESNVLC[57.0215]LSK[229.1629]	R	S	581	594	14	685.0344	3	2052.086	0	0.885	0.001112	1	9.3172038E8	MS/MS	N-term(229.1629),11C(57.0215),14K(229.1629)		sp|P13639|EF2_HUMAN	P13639	EF2_HUMAN	EEF2	Elongation factor 2			C:57.0215@ETVSEESNVLC(1)LSK;K:229.1629@ETVSEESNVLCLSK(1);
EVSPMSAPNMPSIERDRR	n[229.1629]EVSPMSAPNM[15.9949]PSIERDRR	K	R	734	751	18	773.0578	3	2317.1343	0	0.8655	3.771E-4	1	3.0919032E7	MS/MS	N-term(229.1629),10M(15.9949)		sp|Q15878|CAC1E_HUMAN	Q15878	CAC1E_HUMAN	CACNA1E	Voltage-dependent R-type calcium channel subunit alpha-1E			M:15.9949@EVSPMSAPNM(1)PSIERDRR;
EVSTYIK	n[229.1629]EVSTYIK[229.1629]	K	K	173	179	7	649.392	2	1296.7715	0	0.7797	0.02581	1	4.4901642E9	MS/MS	N-term(229.1629),7K(229.1629)		sp|P68104|EF1A1_HUMAN	P68104	EF1A1_HUMAN	EEF1A1	Elongation factor 1-alpha 1	EEF1A1P5	sp|Q5VTE0|EF1A3_HUMAN	K:229.1629@EVSTYIK(1);
FANYIDK	n[229.1629]FANYIDK[229.1629]	R	V	114	120	7	664.8844	2	1327.7563	0	0.9109	3.903E-5	1	1.82820864E9	MS/MS	N-term(229.1629),7K(229.1629)		sp|P08670|VIME_HUMAN	P08670	VIME_HUMAN	VIM	Vimentin			K:229.1629@FANYIDK(1);
FASFIDK	n[229.1629]FASFIDK[229.1629]	K	V	102	108	7	643.3814	2	1284.7509	0	0.8392	0.01049	1	6.6542856E7	MS/MS	N-term(229.1629),7K(229.1629)		sp|P05787|K2C8_HUMAN	P05787	K2C8_HUMAN	KRT8	Keratin, type II cytoskeletal 8	KRT2, KRT3, KRT4, KRT5, KRT6A, KRT6B, KRT6C, KRT7, KRT71, KRT72, KRT73, KRT74, KRT75, KRT76, KRT77, KRT79, KRT84	sp|O95678|K2C75_HUMAN, sp|P02538|K2C6A_HUMAN, sp|P04259|K2C6B_HUMAN, sp|P08729|K2C7_HUMAN, sp|P12035|K2C3_HUMAN, sp|P13647|K2C5_HUMAN, sp|P19013|K2C4_HUMAN, sp|P35908|K22E_HUMAN, sp|P48668|K2C6C_HUMAN, sp|Q01546|K22O_HUMAN, sp|Q14CN4|K2C72_HUMAN, sp|Q3SY84|K2C71_HUMAN, sp|Q5XKE5|K2C79_HUMAN, sp|Q7RTS7|K2C74_HUMAN, sp|Q7Z794|K2C1B_HUMAN, sp|Q86Y46|K2C73_HUMAN, sp|Q9NSB2|KRT84_HUMAN	K:229.1629@FASFIDK(1);
FDGILGMAYPR	n[229.1629]FDGILGMAYPR	K	I	195	205	11	734.8946	2	1467.7787	0	0.9917	3.532E-5	1	8.1638224E7	MS/MS	N-term(229.1629)		sp|P07339|CATD_HUMAN	P07339	CATD_HUMAN	CTSD	Cathepsin D			
FEDEDSDDVPR	n[229.1629]FEDEDSDDVPR	K	K	698	708	11	776.8518	2	1551.6986	0	0.9996	1.104E-7	1	1.5056362E7	MS/MS	N-term(229.1629)		sp|P49756|RBM25_HUMAN	P49756	RBM25_HUMAN	RBM25	RNA-binding protein 25			
FEEESKEPVADEEEEDSDDDVEPITEFR	n[229.1629]FEEESK[229.1629]EPVADEEEEDSDDDVEPITEFR	K	F	86	113	28	1258.2423	3	3772.706	0	1.0	1.897E-10	1	2.2821476E7	MS/MS	N-term(229.1629),6K(229.1629)		sp|P54105|ICLN_HUMAN	P54105	ICLN_HUMAN	CLNS1A	Methylosome subunit pICln			K:229.1629@FEEESK(1)EPVADEEEEDSDDDVEPITEFR;
FGYVDFESAEDLEK	n[229.1629]FGYVDFESAEDLEK[229.1629]	K	A	349	362	14	703.026	3	2106.063	0	0.9475	3.247E-6	1	2.694084E7	MS/MS	N-term(229.1629),14K(229.1629)		sp|P19338|NUCL_HUMAN	P19338	NUCL_HUMAN	NCL	Nucleolin			K:229.1629@FGYVDFESAEDLEK(1);
FITIFGTR	n[229.1629]FITIFGTR	K	S	194	201	8	592.3554	2	1182.6981	0	0.7979	0.001602	1	7.5035504E7	MS/MS	N-term(229.1629)		sp|P08758|ANXA5_HUMAN	P08758	ANXA5_HUMAN	ANXA5	Annexin A5			
FQDGDLTLYQSNTILR	n[229.1629]FQDGDLTLYQSNTILR	K	H	56	71	16	1057.0599	2	2112.1113	0	0.9999	2.557E-9	1	1.42280912E8	MS/MS	N-term(229.1629)		sp|P09211|GSTP1_HUMAN	P09211	GSTP1_HUMAN	GSTP1	Glutathione S-transferase P			
FQDGDLTLYQSNTILR	n[229.1629]FQDGDLTLYQSNTILR	K	H	56	71	16	705.0423	3	2112.1084	0	0.9897	1.844E-7	1	2.30956E8	MS/MS	N-term(229.1629)		sp|P09211|GSTP1_HUMAN	P09211	GSTP1_HUMAN	GSTP1	Glutathione S-transferase P			
FSTPEQAAK	n[229.1629]FSTPEQAAK[229.1629]	R	N	485	493	9	718.9111	2	1435.8113	0	0.9062	5.191E-4	1	1.0723913E9	MS/MS	N-term(229.1629),9K(229.1629)		sp|P14866|HNRPL_HUMAN	P14866	HNRPL_HUMAN	HNRNPL	Heterogeneous nuclear ribonucleoprotein L			K:229.1629@FSTPEQAAK(1);
FSVSPVVR	n[229.1629]FSVSPVVR	K	V	499	506	8	560.3398	2	1118.6667	0	0.6808	0.003688	1	4.33549952E8	MS/MS	N-term(229.1629)		sp|P13639|EF2_HUMAN	P13639	EF2_HUMAN	EEF2	Elongation factor 2			
FWEVISDEHGIDPTGTYHGDSDLQLDR	n[229.1629]FWEVISDEHGIDPTGTYHGDSDLQLDR	K	I	20	46	27	833.648	4	3330.5674	0	0.9967	7.132E-8	1	1.6345776E8	MS/MS	N-term(229.1629)		sp|P07437|TBB5_HUMAN	P07437	TBB5_HUMAN	TUBB	Tubulin beta chain			
FYEQFSK	n[229.1629]FYEQFSK[229.1629]	K	N	437	443	7	703.8896	2	1405.7672	0	0.6812	8.381E-4	1	1.2283552E9	MS/MS	N-term(229.1629),7K(229.1629)		sp|P07900|HS90A_HUMAN	P07900	HS90A_HUMAN	HSP90AA1	Heat shock protein HSP 90-alpha			K:229.1629@FYEQFSK(1);
GAMPPAPVPAGTPAPPGPATMMPDGTLGLTPPTTER	n[229.1629]GAMPPAPVPAGTPAPPGPATMMPDGTLGLTPPTTER	R	F	399	434	36	920.9726	4	3679.873	0	0.9993	7.45E-12	1	1.1254568E8	MS/MS	N-term(229.1629)		sp|Q15233|NONO_HUMAN	Q15233	NONO_HUMAN	NONO	Non-POU domain-containing octamer-binding protein			
GAQAAIVVYDITNTDTFAR	n[229.1629]GAQAAIVVYDITNTDTFAR	R	A	93	111	19	752.4004	3	2254.188	0	0.9998	1.69E-9	1	5.1983192E7	MS/MS	N-term(229.1629)		sp|P51148|RAB5C_HUMAN	P51148	RAB5C_HUMAN	RAB5C	Ras-related protein Rab-5C			
GDADQASNILASFGLSAR	n[229.1629]GDADQASNILASFGLSAR	R	D	103	120	18	674.6866	3	2021.041	0	1.0	9.91E-10	1	2.56840576E8	MS/MS	N-term(229.1629)		sp|P43243|MATR3_HUMAN	P43243	MATR3_HUMAN	MATR3	Matrin-3			
GDDLQAIK	n[229.1629]GDDLQAIK[229.1629]	K	Q	177	184	8	659.3925	2	1316.773	0	0.9813	0.003412	1	1.82905395E9	MS/MS	N-term(229.1629),8K(229.1629)		sp|B7ZW38|HNRC3_HUMAN	B7ZW38	HNRC3_HUMAN	HNRNPCL3	Heterogeneous nuclear ribonucleoprotein C-like 3	HNRNPC, HNRNPCL1, HNRNPCL2, HNRNPCL4	sp|B2RXH8|HNRC2_HUMAN, sp|O60812|HNRC1_HUMAN, sp|P07910|HNRPC_HUMAN, sp|P0DMR1|HNRC4_HUMAN	K:229.1629@GDDLQAIK(1);
GENSWFSTQVDTVATK	n[229.1629]GENSWFSTQVDTVATK[229.1629]	R	V	314	329	16	743.3915	3	2227.1636	0	0.9747	1.015E-7	1	8.3704144E7	MS/MS	N-term(229.1629),16K(229.1629)		sp|P08195|4F2_HUMAN	P08195	4F2_HUMAN	SLC3A2	Amino acid transporter heavy chain SLC3A2			K:229.1629@GENSWFSTQVDTVATK(1);
GESENAGTNQETR	n[229.1629]GESENAGTNQETR	R	S	429	441	13	811.3844	2	1620.755	0	0.9996	2.844E-8	1	5.6505272E7	MS/MS	N-term(229.1629)		sp|Q08170|SRSF4_HUMAN	Q08170	SRSF4_HUMAN	SRSF4	Serine/arginine-rich splicing factor 4			
GETDLIQK	n[229.1629]GETDLIQK[229.1629]	K	A	869	876	8	681.4056	2	1360.7993	0	0.9774	0.001477	1	3.87120832E8	MS/MS	N-term(229.1629),8K(229.1629)		sp|P42704|LPPRC_HUMAN	P42704	LPPRC_HUMAN	LRPPRC	Leucine-rich PPR motif-containing protein, mitochondrial			K:229.1629@GETDLIQK(1);
GFCFITFK	n[229.1629]GFC[57.0215]FITFK[229.1629]	R	E	224	231	8	739.4174	2	1476.8239	0	0.8481	0.001547	1	6.2403789E8	MS/MS	N-term(229.1629),3C(57.0215),8K(229.1629)		sp|Q14103|HNRPD_HUMAN	Q14103	HNRPD_HUMAN	HNRNPD	Heterogeneous nuclear ribonucleoprotein D0			C:57.0215@GFC(1)FITFK;K:229.1629@GFCFITFK(1);
GFGFVTYATVEEVDAAMNAR	n[229.1629]GFGFVTYATVEEVDAAM[15.9949]NAR	R	P	56	75	20	798.3929	3	2392.1636	0	0.9998	3.907E-9	1	2.7897498E7	MS/MS	N-term(229.1629),17M(15.9949)		sp|A0A2R8Y4L2|RA1L3_HUMAN	A0A2R8Y4L2	RA1L3_HUMAN	HNRNPA1L3	Heterogeneous nuclear ribonucleoprotein A1-like 3	HNRNPA1	sp|P09651|ROA1_HUMAN	M:15.9949@GFGFVTYATVEEVDAAM(1)NAR;
GGLGGGYGGASGMGGITAVTVNQSLLSPLVLEVDPNIQAVR	n[229.1629]GGLGGGYGGASGM[15.9949]GGITAVTVNQSLLSPLVLEVDPNIQAVR	R	T	48	88	41	1043.307	4	4170.205	0	1.0	1.0E-14	1	4.7387356E7	MS/MS	N-term(229.1629),13M(15.9949)		sp|P05787|K2C8_HUMAN	P05787	K2C8_HUMAN	KRT8	Keratin, type II cytoskeletal 8			M:15.9949@GGLGGGYGGASGM(1)GGITAVTVNQSLLSPLVLEVDPNIQAVR;
GGLGLSGAK	n[229.1629]GGLGLSGAK[229.1629]	R	A	242	250	9	609.3845	2	1216.7567	0	0.9879	1.541E-4	1	9.0259432E7	MS/MS	N-term(229.1629),9K(229.1629)		sp|P22695|QCR2_HUMAN	P22695	QCR2_HUMAN	UQCRC2	Cytochrome b-c1 complex subunit 2, mitochondrial			K:229.1629@GGLGLSGAK(1);
GGMGSGGLATGIAGGLAGMGGIQNEK	n[229.1629]GGMGSGGLATGIAGGLAGMGGIQNEK[229.1629]	R	E	56	81	26	907.1473	3	2718.424	0	1.0	5.0E-14	1	4.4431232E9	MS/MS	N-term(229.1629),26K(229.1629)		sp|P05783|K1C18_HUMAN	P05783	K1C18_HUMAN	KRT18	Keratin, type I cytoskeletal 18			K:229.1629@GGMGSGGLATGIAGGLAGMGGIQNEK(1);
GGMGSGGLATGIAGGLAGMGGIQNEK	n[229.1629]GGMGSGGLATGIAGGLAGM[15.9949]GGIQNEK[229.1629]	R	E	56	81	26	912.4789	3	2734.4219	0	1.0	7.0E-14	2	9.5170982E8	MS/MS	N-term(229.1629),19M(15.9949),26K(229.1629)		sp|P05783|K1C18_HUMAN	P05783	K1C18_HUMAN	KRT18	Keratin, type I cytoskeletal 18			K:229.1629@GGMGSGGLATGIAGGLAGMGGIQNEK(1);M:15.9949@GGMGSGGLATGIAGGLAGM(1)GGIQNEK;
GGMGSGGLATGIAGGLAGMGGIQNEK	n[229.1629]GGM[15.9949]GSGGLATGIAGGLAGMGGIQNEK[229.1629]	R	E	56	81	26	912.4789	3	2734.4214	0	1.0	1.988E-10	1	1.22299597E9	MS/MS	N-term(229.1629),26K(229.1629),3M(15.9949)		sp|P05783|K1C18_HUMAN	P05783	K1C18_HUMAN	KRT18	Keratin, type I cytoskeletal 18			K:229.1629@GGMGSGGLATGIAGGLAGMGGIQNEK(1);M:15.9949@GGM(1)GSGGLATGIAGGLAGMGGIQNEK;
GGMGSGGLATGIAGGLAGMGGIQNEK	n[229.1629]GGM[15.9949]GSGGLATGIAGGLAGMGGIQNEK[229.1629]	R	E	56	81	26	684.611	4	2734.4202	0	0.8499	4.263E-5	1	1.44076E8	MS/MS	N-term(229.1629),26K(229.1629),3M(15.9949)		sp|P05783|K1C18_HUMAN	P05783	K1C18_HUMAN	KRT18	Keratin, type I cytoskeletal 18			K:229.1629@GGMGSGGLATGIAGGLAGMGGIQNEK(1);M:15.9949@GGM(1)GSGGLATGIAGGLAGMGGIQNEK;
GGMGSGGLATGIAGGLAGMGGIQNEK	n[229.1629]GGM[15.9949]GSGGLATGIAGGLAGM[15.9949]GGIQNEK[229.1629]	R	E	56	81	26	688.6097	4	2750.416	0	0.9721	4.81E-6	1	3.20187072E8	MS/MS	N-term(229.1629),19M(15.9949),26K(229.1629),3M(15.9949)		sp|P05783|K1C18_HUMAN	P05783	K1C18_HUMAN	KRT18	Keratin, type I cytoskeletal 18			K:229.1629@GGMGSGGLATGIAGGLAGMGGIQNEK(1);M:15.9949@GGM(1)GSGGLATGIAGGLAGM(1)GGIQNEK;
GGVVGIK	n[229.1629]GGVVGIK[229.1629]	K	V	102	108	7	544.3656	2	1086.7192	0	0.9134	0.006471	1	4.79613536E8	MS/MS	N-term(229.1629),7K(229.1629)		contam_sp|P00883|ALDOA_RABIT	P00883	ALDOA_RABIT	ALDOA	Fructose-bisphosphate aldolase A		sp|P04075|ALDOA_HUMAN	K:229.1629@GGVVGIK(1);
GIVEFASK	n[229.1629]GIVEFASK[229.1629]	K	P	414	421	8	654.9	2	1307.7888	0	0.9444	7.966E-4	1	7.6424493E8	MS/MS	N-term(229.1629),8K(229.1629)		sp|P23246|SFPQ_HUMAN	P23246	SFPQ_HUMAN	SFPQ	Splicing factor, proline- and glutamine-rich			K:229.1629@GIVEFASK(1);
GLAITFVSDENDAK	n[229.1629]GLAITFVSDENDAK[229.1629]	K	I	384	397	14	646.6909	3	1937.0591	0	0.965	2.592E-5	1	5412768.0	MS/MS	N-term(229.1629),14K(229.1629)		sp|O00148|DX39A_HUMAN	O00148	DX39A_HUMAN	DDX39A	ATP-dependent RNA helicase DDX39A	DDX39B	sp|Q13838|DX39B_HUMAN	K:229.1629@GLAITFVSDENDAK(1);
GLSANLVRK	n[229.1629]GLSANLVRK[229.1629]	R	D	103	111	9	472.6414	3	1414.8931	0	0.6901	1.203	1	8.6112026E8	MS/MS	N-term(229.1629),9K(229.1629)		sp|Q8TC59|PIWL2_HUMAN	Q8TC59	PIWL2_HUMAN	PIWIL2	Piwi-like protein 2			K:229.1629@GLSANLVRK(1);
GLSSLLCNFTK	n[229.1629]GLSSLLC[57.0215]NFTK[229.1629]	K	S	226	236	11	849.4866	2	1696.9628	0	0.9938	4.042E-7	1	8.1691808E7	MS/MS	N-term(229.1629),11K(229.1629),7C(57.0215)		sp|P78527|PRKDC_HUMAN	P78527	PRKDC_HUMAN	PRKDC	DNA-dependent protein kinase catalytic subunit			C:57.0215@GLSSLLC(1)NFTK;K:229.1629@GLSSLLCNFTK(1);
GMGGHGYGGAGDASSGFHGGHFVHMR	n[229.1629]GMGGHGYGGAGDASSGFHGGHFVHMR	R	G	175	200	26	462.8805	6	2771.2437	0	0.9999	7.075E-10	2	7.1930496E8	MS/MS	N-term(229.1629)		sp|P31942|HNRH3_HUMAN	P31942	HNRH3_HUMAN	HNRNPH3	Heterogeneous nuclear ribonucleoprotein H3			
GMGGHGYGGAGDASSGFHGGHFVHMR	n[229.1629]GM[15.9949]GGHGYGGAGDASSGFHGGHFVHMR	R	G	175	200	26	558.4542	5	2787.2424	0	0.9999	5.549E-9	1	1.44359952E8	MS/MS	N-term(229.1629),2M(15.9949)		sp|P31942|HNRH3_HUMAN	P31942	HNRH3_HUMAN	HNRNPH3	Heterogeneous nuclear ribonucleoprotein H3			M:15.9949@GM(1)GGHGYGGAGDASSGFHGGHFVHMR;
GNVAGDSK	n[229.1629]GNVAGDSK[229.1629]	R	N	323	330	8	603.3481	2	1204.6843	0	0.7666	5.964E-4	1	1.78120224E8	MS/MS	N-term(229.1629),8K(229.1629)		sp|P68104|EF1A1_HUMAN	P68104	EF1A1_HUMAN	EEF1A1	Elongation factor 1-alpha 1	EEF1A1P5	sp|Q5VTE0|EF1A3_HUMAN	K:229.1629@GNVAGDSK(1);
GRLSPVPVPR	n[229.1629]GRLSPVPVPR	R	A	132	141	10	436.2767	3	1305.8082	0	0.9513	3.115E-6	1	3.4196732E7	MS/MS	N-term(229.1629)		sp|Q9UKM9|RALY_HUMAN	Q9UKM9	RALY_HUMAN	RALY	RNA-binding protein Raly			
GTAYTFFTPGNLK	n[229.1629]GTAYTFFTPGNLK[229.1629]	K	Q	516	528	13	625.6853	3	1874.0366	0	0.9908	1.346E-6	1	1.86901536E8	MS/MS	N-term(229.1629),13K(229.1629)		sp|Q92841|DDX17_HUMAN	Q92841	DDX17_HUMAN	DDX17	Probable ATP-dependent RNA helicase DDX17			K:229.1629@GTAYTFFTPGNLK(1);
GTLDPVEK	n[229.1629]GTLDPVEK[229.1629]	R	A	312	319	8	658.8948	2	1315.7782	0	0.9004	9.239E-4	1	2.56360016E8	MS/MS	N-term(229.1629),8K(229.1629)		sp|P11142|HSP7C_HUMAN	P11142	HSP7C_HUMAN	HSPA8	Heat shock cognate 71 kDa protein			K:229.1629@GTLDPVEK(1);
GVMLAVDAVIAELK	n[229.1629]GVM[15.9949]LAVDAVIAELK[229.1629]	R	K	143	156	14	635.0494	3	1902.1282	0	0.9748	4.366E-5	1	1.7662854E7	MS/MS	N-term(229.1629),14K(229.1629),3M(15.9949)		sp|P10809|CH60_HUMAN	P10809	CH60_HUMAN	HSPD1	60 kDa heat shock protein, mitochondrial			K:229.1629@GVMLAVDAVIAELK(1);M:15.9949@GVM(1)LAVDAVIAELK;
GVVDSEDLPLNISR	n[229.1629]GVVDSEDLPLNISR	R	E	387	400	14	871.9779	2	1741.9442	0	0.9998	8.017E-9	1	2.07060448E8	MS/MS	N-term(229.1629)		sp|P07900|HS90A_HUMAN	P07900	HS90A_HUMAN	HSP90AA1	Heat shock protein HSP 90-alpha	HSP90AB1	sp|P08238|HS90B_HUMAN	
GYISPYFINTSK	n[229.1629]GYISPYFINTSK[229.1629]	R	G	222	233	12	616.6817	3	1847.0262	0	0.9163	4.45E-5	1	6.7688096E8	MS/MS	N-term(229.1629),12K(229.1629)		sp|P10809|CH60_HUMAN	P10809	CH60_HUMAN	HSPD1	60 kDa heat shock protein, mitochondrial			K:229.1629@GYISPYFINTSK(1);
HAVSEGTK	n[229.1629]HAVSEGTK[229.1629]	K	A	110	117	8	643.877	2	1285.7422	0	0.8337	8.946E-4	1	3.29583718E9	MS/MS	N-term(229.1629),8K(229.1629)		sp|O60814|H2B1K_HUMAN	O60814	H2B1K_HUMAN	H2BC12	Histone H2B type 1-K	H2BC1, H2BC11, H2BC12L, H2BC13, H2BC14, H2BC15, H2BC17, H2BC18, H2BC21, H2BC26, H2BC3, H2BC4, H2BC5, H2BC9, H2BK1	sp|A0A2R8Y619|H2BK1_HUMAN, sp|P06899|H2B1J_HUMAN, sp|P23527|H2B1O_HUMAN, sp|P33778|H2B1B_HUMAN, sp|P57053|H2BFS_HUMAN, sp|P58876|H2B1D_HUMAN, sp|P62807|H2B1C_HUMAN, sp|Q16778|H2B2E_HUMAN, sp|Q5QNW6|H2B2F_HUMAN, sp|Q8N257|H2B3B_HUMAN, sp|Q93079|H2B1H_HUMAN, sp|Q96A08|H2B1A_HUMAN, sp|Q99877|H2B1N_HUMAN, sp|Q99879|H2B1M_HUMAN, sp|Q99880|H2B1L_HUMAN	K:229.1629@HAVSEGTK(1);
HHSDGSVSLSGHLQPPPVTTEQHGAR	n[229.1629]HHSDGSVSLSGHLQPPPVTTEQHGAR	R	Y	354	379	26	494.2548	6	2959.4868	0	0.9992	8.67E-12	1	7.108584E7	MS/MS	N-term(229.1629)		sp|O15533|TPSN_HUMAN	O15533	TPSN_HUMAN	TAPBP	Tapasin			
HLTPVTLELGGK	n[229.1629]HLTPVTLELGGK[229.1629]	K	S	203	214	12	575.0221	3	1722.0487	0	0.9779	4.781E-5	1	7.6071568E7	MS/MS	N-term(229.1629),12K(229.1629)		sp|P30838|AL3A1_HUMAN	P30838	AL3A1_HUMAN	ALDH3A1	Aldehyde dehydrogenase, dimeric NADP-preferring	ALDH3A2, ALDH3B1, ALDH3B2	sp|P43353|AL3B1_HUMAN, sp|P48448|AL3B2_HUMAN, sp|P51648|AL3A2_HUMAN	K:229.1629@HLTPVTLELGGK(1);
IATGSFLK	n[229.1629]IATGSFLK[229.1629]	R	R	103	110	8	647.9104	2	1293.8092	0	0.8993	0.001196	1	1.83595504E8	MS/MS	N-term(229.1629),8K(229.1629)		sp|P22234|PUR6_HUMAN	P22234	PUR6_HUMAN	PAICS	Bifunctional phosphoribosylaminoimidazole carboxylase/phosphoribosylaminoimidazole succinocarboxamide synthetase			K:229.1629@IATGSFLK(1);
IDISPSTFR	n[229.1629]IDISPSTFR	R	K	679	687	9	632.8585	2	1263.7048	0	0.9792	3.498E-4	1	1.75082192E8	MS/MS	N-term(229.1629)		sp|Q9Y2W1|TR150_HUMAN	Q9Y2W1	TR150_HUMAN	THRAP3	Thyroid hormone receptor-associated protein 3			
IEEVPELPLVVEDK	n[229.1629]IEEVPELPLVVEDK[229.1629]	R	V	144	157	14	689.7378	3	2066.1953	0	0.9962	1.584E-6	1	9.268816E8	MS/MS	N-term(229.1629),14K(229.1629)		sp|P36578|RL4_HUMAN	P36578	RL4_HUMAN	RPL4	Large ribosomal subunit protein uL4			K:229.1629@IEEVPELPLVVEDK(1);
IEWLESHQDADIEDFK	n[229.1629]IEWLESHQDADIEDFK[229.1629]	K	A	602	617	16	811.7494	3	2432.2334	0	0.9975	1.108E-6	1	5.3355776E8	MS/MS	N-term(229.1629),16K(229.1629)		sp|P11021|BIP_HUMAN	P11021	BIP_HUMAN	HSPA5	Endoplasmic reticulum chaperone BiP			K:229.1629@IEWLESHQDADIEDFK(1);
IFGVTTLDIVR	n[229.1629]IFGVTTLDIVR	K	A	166	176	11	731.9451	2	1461.8794	0	0.9944	1.79E-7	1	1.44188646E9	MS/MS	N-term(229.1629)		sp|P40926|MDHM_HUMAN	P40926	MDHM_HUMAN	MDH2	Malate dehydrogenase, mitochondrial			
IGLETVGVK	n[229.1629]IGLETVGVK[229.1629]	K	I	450	458	9	687.442	2	1372.8718	0	0.9935	6.724E-4	1	8.3276064E7	MS/MS	N-term(229.1629),9K(229.1629)		sp|Q16881|TRXR1_HUMAN	Q16881	TRXR1_HUMAN	TXNRD1	Thioredoxin reductase 1, cytoplasmic			K:229.1629@IGLETVGVK(1);
IIFEDDR	n[229.1629]IIFEDDR	K	C	31	37	7	568.811	2	1135.6106	0	0.92	0.003683	1	5.800578E7	MS/MS	N-term(229.1629)		sp|P49773|HINT1_HUMAN	P49773	HINT1_HUMAN	HINT1	Adenosine 5'-monophosphoramidase HINT1			
IITHPNFNGNTLDNDIMLIK	n[229.1629]IITHPNFNGNTLDNDIMLIK[229.1629]	K	L	78	97	20	686.132	4	2740.5034	0	0.9996	5.186E-10	1	1.77836544E8	MS/MS	N-term(229.1629),20K(229.1629)		contam_sp|P00761|TRYP_PIG	P00761	TRYP_PIG		Trypsin			K:229.1629@IITHPNFNGNTLDNDIMLIK(1);
IITITGTQDQIQNAQYLLQNSVK	n[229.1629]IITITGTQDQIQNAQYLLQNSVK[229.1629]	R	Q	434	456	23	1016.5762	3	3046.7124	0	1.0	3.2E-13	2	1.62891213E9	MS/MS	N-term(229.1629),23K(229.1629)		sp|P61978|HNRPK_HUMAN	P61978	HNRPK_HUMAN	HNRNPK	Heterogeneous nuclear ribonucleoprotein K			K:229.1629@IITITGTQDQIQNAQYLLQNSVK(1);
ILIATDVASR	n[229.1629]ILIATDVASR	R	G	301	310	10	644.3953	2	1286.7783	0	0.998	6.735E-5	1	6.972455E8	MS/MS	N-term(229.1629)		sp|Q9Y6V7|DDX49_HUMAN	Q9Y6V7	DDX49_HUMAN	DDX49	Probable ATP-dependent RNA helicase DDX49			
ILPTLEAVAALGNK	n[229.1629]ILPTLEAVAALGNK[229.1629]	K	V	128	141	14	623.3922	3	1867.1587	0	0.9807	2.248E-5	1	1.84714064E8	MS/MS	N-term(229.1629),14K(229.1629)		sp|Q12905|ILF2_HUMAN	Q12905	ILF2_HUMAN	ILF2	Interleukin enhancer-binding factor 2			K:229.1629@ILPTLEAVAALGNK(1);
IMEGPAFNFLDAPAVR	n[229.1629]IMEGPAFNFLDAPAVR	R	V	309	324	16	659.687	3	1976.0431	0	0.9947	3.516E-7	1	6.229068E7	MS/MS	N-term(229.1629)		sp|P11177|ODPB_HUMAN	P11177	ODPB_HUMAN	PDHB	Pyruvate dehydrogenase E1 component subunit beta, mitochondrial			
INETDTFGPGDDDEIQFDDIGDDDEDIDDI	n[229.1629]INETDTFGPGDDDEIQFDDIGDDDEDIDDI	K	-	115	144	30	1794.2551	2	3586.4922	0	0.996	3.256E-7	1	7935564.0	MS/MS	N-term(229.1629)		sp|O14602|IF1AY_HUMAN	O14602	IF1AY_HUMAN	EIF1AY	Eukaryotic translation initiation factor 1A, Y-chromosomal	EIF1AX	sp|P47813|IF1AX_HUMAN	
INETDTFGPGDDDEIQFDDIGDDDEDIDDI	n[229.1629]INETDTFGPGDDDEIQFDDIGDDDEDIDDI	K	-	115	144	30	1196.5059	3	3586.5015	0	0.9797	1.867E-7	1	7.3286308E9	MS/MS	N-term(229.1629)		sp|O14602|IF1AY_HUMAN	O14602	IF1AY_HUMAN	EIF1AY	Eukaryotic translation initiation factor 1A, Y-chromosomal	EIF1AX	sp|P47813|IF1AX_HUMAN	
INETDTFGPGDDDEIQFDDIGDDDEDIDDI	n[229.1629]INETDTFGPGDDDEIQFDDIGDDDEDIDDI	K	-	115	144	30	897.6312	4	3586.5002	0	0.9716	2.668E-6	1	3.26696E8	MS/MS	N-term(229.1629)		sp|O14602|IF1AY_HUMAN	O14602	IF1AY_HUMAN	EIF1AY	Eukaryotic translation initiation factor 1A, Y-chromosomal	EIF1AX	sp|P47813|IF1AX_HUMAN	
IQEAGTEVVK	n[229.1629]IQEAGTEVVK[229.1629]	R	A	230	239	10	766.4583	2	1530.9064	0	0.9889	7.375E-6	1	1.27678771E9	MS/MS	N-term(229.1629),10K(229.1629)		sp|P40926|MDHM_HUMAN	P40926	MDHM_HUMAN	MDH2	Malate dehydrogenase, mitochondrial			K:229.1629@IQEAGTEVVK(1);
IQEIIEQLDVTTSEYEK	n[229.1629]IQEIIEQLDVTTSEYEK[229.1629]	R	E	371	387	17	832.7876	3	2495.3462	0	0.9844	1.563E-8	1	5.8865344E8	MS/MS	N-term(229.1629),17K(229.1629)		sp|P10809|CH60_HUMAN	P10809	CH60_HUMAN	HSPD1	60 kDa heat shock protein, mitochondrial			K:229.1629@IQEIIEQLDVTTSEYEK(1);
ISFDEFIK	n[229.1629]ISFDEFIK[229.1629]	R	I	69	76	8	728.9262	2	1455.8446	0	0.9481	9.195E-4	1	3.264243E7	MS/MS	N-term(229.1629),8K(229.1629)		sp|P13796|PLSL_HUMAN	P13796	PLSL_HUMAN	LCP1	Plastin-2			K:229.1629@ISFDEFIK(1);
ISSIQSIVPALEIANAHR	n[229.1629]ISSIQSIVPALEIANAHR	K	K	251	268	18	716.7494	3	2147.2307	0	0.9993	4.515E-10	1	1.97128912E8	MS/MS	N-term(229.1629)		sp|P10809|CH60_HUMAN	P10809	CH60_HUMAN	HSPD1	60 kDa heat shock protein, mitochondrial			
ITVTSEVPFSK	n[229.1629]ITVTSEVPFSK[229.1629]	K	R	70	80	11	555.999	3	1664.9777	0	0.9027	2.55E-4	1	1.40715472E8	MS/MS	N-term(229.1629),11K(229.1629)		sp|P35268|RL22_HUMAN	P35268	RL22_HUMAN	RPL22	Large ribosomal subunit protein eL22			K:229.1629@ITVTSEVPFSK(1);
IVNLACK	n[229.1629]IVNLAC[57.0215]K[229.1629]	K	Y	221	227	7	638.3966	2	1274.7819	0	0.7534	0.0176	1	5.3098932E7	MS/MS	N-term(229.1629),6C(57.0215),7K(229.1629)		sp|O00116|ADAS_HUMAN	O00116	ADAS_HUMAN	AGPS	Alkyldihydroxyacetonephosphate synthase, peroxisomal			C:57.0215@IVNLAC(1)K;K:229.1629@IVNLACK(1);
KEDSDEEEDDDSEEDEEDDEDEDEDEDEIEPAAMK	n[229.1629]K[229.1629]EDSDEEEDDDSEEDEEDDEDEDEDEDEIEPAAMK[229.1629]	K	A	142	176	35	1602.982	3	4806.934	0	0.9995	7.621E-11	1	2.2019426E7	MS/MS	N-term(229.1629),1K(229.1629),35K(229.1629)		sp|P19338|NUCL_HUMAN	P19338	NUCL_HUMAN	NCL	Nucleolin			K:229.1629@K(1)EDSDEEEDDDSEEDEEDDEDEDEDEDEIEPAAMK(1);
KEDSDEEEDDDSEEDEEDDEDEDEDEDEIEPAAMK	n[229.1629]K[229.1629]EDSDEEEDDDSEEDEEDDEDEDEDEDEIEPAAMK[229.1629]	K	A	142	176	35	1202.4884	4	4805.929	0	0.9996	3.408E-11	2	1.36439104E9	MS/MS	N-term(229.1629),1K(229.1629),35K(229.1629)		sp|P19338|NUCL_HUMAN	P19338	NUCL_HUMAN	NCL	Nucleolin			K:229.1629@K(1)EDSDEEEDDDSEEDEEDDEDEDEDEDEIEPAAMK(1);
KEDSDEEEDDDSEEDEEDDEDEDEDEDEIEPAAMK	n[229.1629]K[229.1629]EDSDEEEDDDSEEDEEDDEDEDEDEDEIEPAAM[15.9949]K[229.1629]	K	A	142	176	35	1206.487	4	4821.9316	0	1.0	1.498E-10	1	2.69728352E8	MS/MS	N-term(229.1629),1K(229.1629),34M(15.9949),35K(229.1629)		sp|P19338|NUCL_HUMAN	P19338	NUCL_HUMAN	NCL	Nucleolin			K:229.1629@K(1)EDSDEEEDDDSEEDEEDDEDEDEDEDEIEPAAMK(1);M:15.9949@KEDSDEEEDDDSEEDEEDDEDEDEDEDEIEPAAM(1)K;
KEGEEEEENTEEPPQGEEEESMETQE	n[229.1629]K[229.1629]EGEEEEENTEEPPQGEEEESMETQE	K	-	365	390	26	1170.8419	3	3509.5034	0	0.9935	1.542E-7	3	1.57265024E8	MS/MS	N-term(229.1629),1K(229.1629)		sp|Q12905|ILF2_HUMAN	Q12905	ILF2_HUMAN	ILF2	Interleukin enhancer-binding factor 2			K:229.1629@K(1)EGEEEEENTEEPPQGEEEESMETQE;
KEGEEEEENTEEPPQGEEEESMETQE	n[229.1629]K[229.1629]EGEEEEENTEEPPQGEEEESMETQE	K	-	365	390	26	878.3833	4	3509.516	0	0.893	0.001157	1	3.101066E7	MS/MS	N-term(229.1629),1K(229.1629)		sp|Q12905|ILF2_HUMAN	Q12905	ILF2_HUMAN	ILF2	Interleukin enhancer-binding factor 2			K:229.1629@K(1)EGEEEEENTEEPPQGEEEESMETQE;
LAADEDDDDDDEEDDDEDDDDDDFDDEEAEEK	n[229.1629]LAADEDDDDDDEEDDDEDDDDDDFDDEEAEEK[229.1629]	K	A	158	189	32	1394.5143	3	4180.5327	0	1.0	2.597E-11	2	1.92733792E8	MS/MS	N-term(229.1629),32K(229.1629)		sp|P06748|NPM_HUMAN	P06748	NPM_HUMAN	NPM1	Nucleophosmin			K:229.1629@LAADEDDDDDDEEDDDEDDDDDDFDDEEAEEK(1);
LAADEDDDDDDEEDDDEDDDDDDFDDEEAEEK	n[229.1629]LAADEDDDDDDEEDDDEDDDDDDFDDEEAEEK[229.1629]	K	A	158	189	32	1046.1375	4	4180.509	0	0.9999	4.597E-9	1	1.440175E7	MS/MS	N-term(229.1629),32K(229.1629)		sp|P06748|NPM_HUMAN	P06748	NPM_HUMAN	NPM1	Nucleophosmin			K:229.1629@LAADEDDDDDDEEDDDEDDDDDDFDDEEAEEK(1);
LAADEDDDDDDEEDDDEDDDDDDFDDEEAEEKAPVK	n[229.1629]LAADEDDDDDDEEDDDEDDDDDDFDDEEAEEK[229.1629]APVK[229.1629]	K	K	158	193	36	1602.653	3	4805.947	0	0.9999	2.5E-12	1	1.665264E8	MS/MS	N-term(229.1629),32K(229.1629),36K(229.1629)		sp|P06748|NPM_HUMAN	P06748	NPM_HUMAN	NPM1	Nucleophosmin			K:229.1629@LAADEDDDDDDEEDDDEDDDDDDFDDEEAEEK(1)APVK(1);
LAADEDDDDDDEEDDDEDDDDDDFDDEEAEEKAPVK	n[229.1629]LAADEDDDDDDEEDDDEDDDDDDFDDEEAEEK[229.1629]APVK[229.1629]	K	K	158	193	36	1202.2415	4	4804.9473	0	1.0	2.0E-14	3	3.86677664E8	MS/MS	N-term(229.1629),32K(229.1629),36K(229.1629)		sp|P06748|NPM_HUMAN	P06748	NPM_HUMAN	NPM1	Nucleophosmin			K:229.1629@LAADEDDDDDDEEDDDEDDDDDDFDDEEAEEK(1)APVK(1);
LAADEDDDDDDEEDDDEDDDDDDFDDEEAEEKAPVK	n[229.1629]LAADEDDDDDDEEDDDEDDDDDDFDDEEAEEK[229.1629]APVK[229.1629]	K	K	158	193	36	961.9947	5	4804.9453	0	1.0	3.16E-11	2	4.4555977E10	MS/MS	N-term(229.1629),32K(229.1629),36K(229.1629)		sp|P06748|NPM_HUMAN	P06748	NPM_HUMAN	NPM1	Nucleophosmin			K:229.1629@LAADEDDDDDDEEDDDEDDDDDDFDDEEAEEK(1)APVK(1);
LAADEDDDDDDEEDDDEDDDDDDFDDEEAEEKAPVK	n[229.1629]LAADEDDDDDDEEDDDEDDDDDDFDDEEAEEK[229.1629]APVK[229.1629]	K	K	158	193	36	801.8301	6	4804.9463	0	0.9998	1.59E-12	1	2.3770736E8	MS/MS	N-term(229.1629),32K(229.1629),36K(229.1629)		sp|P06748|NPM_HUMAN	P06748	NPM_HUMAN	NPM1	Nucleophosmin			K:229.1629@LAADEDDDDDDEEDDDEDDDDDDFDDEEAEEK(1)APVK(1);
LAPITSDPTEATAVGAVEASFK	n[229.1629]LAPITSDPTEATAVGAVEASFK[229.1629]	R	C	401	422	22	1317.2255	2	2632.4346	0	0.9987	9.5E-9	1	7.3982184E7	MS/MS	N-term(229.1629),22K(229.1629)		sp|P14618|KPYM_HUMAN	P14618	KPYM_HUMAN	PKM	Pyruvate kinase PKM			K:229.1629@LAPITSDPTEATAVGAVEASFK(1);
LAPITSDPTEATAVGAVEASFK	n[229.1629]LAPITSDPTEATAVGAVEASFK[229.1629]	R	C	401	422	22	878.4861	3	2632.4395	0	0.9983	4.774E-11	1	2.41681459E9	MS/MS	N-term(229.1629),22K(229.1629)		sp|P14618|KPYM_HUMAN	P14618	KPYM_HUMAN	PKM	Pyruvate kinase PKM			K:229.1629@LAPITSDPTEATAVGAVEASFK(1);
LATQSNEITIPVTFESR	n[229.1629]LATQSNEITIPVTFESR	K	A	172	188	17	712.3897	3	2134.1511	0	0.9973	4.6E-6	1	4.38083904E8	MS/MS	N-term(229.1629)		sp|P04792|HSPB1_HUMAN	P04792	HSPB1_HUMAN	HSPB1	Heat shock protein beta-1			
LCQGLFFR	n[229.1629]LC[57.0215]QGLFFR	K	V	804	811	8	635.3524	2	1268.692	0	0.8244	3.842E-4	1	1.68057008E8	MS/MS	N-term(229.1629),2C(57.0215)		sp|Q9Y4L1|HYOU1_HUMAN	Q9Y4L1	HYOU1_HUMAN	HYOU1	Hypoxia up-regulated protein 1			C:57.0215@LC(1)QGLFFR;
LDLLEDR	n[229.1629]LDLLEDR	R	S	158	164	7	551.8189	2	1101.6243	0	0.8917	0.09768	1	1.47431472E8	MS/MS	N-term(229.1629)		sp|Q14697|GANAB_HUMAN	Q14697	GANAB_HUMAN	GANAB	Neutral alpha-glucosidase AB			
LDYLSSLK	n[229.1629]LDYLSSLK[229.1629]	R	V	248	255	8	698.9262	2	1395.8398	0	0.8997	6.406E-4	1	8.5109008E7	MS/MS	N-term(229.1629),8K(229.1629)		sp|P08195|4F2_HUMAN	P08195	4F2_HUMAN	SLC3A2	Amino acid transporter heavy chain SLC3A2			K:229.1629@LDYLSSLK(1);
LEILQIHTK	n[229.1629]LEILQIHTK[229.1629]	R	N	378	386	9	518.3324	3	1551.9768	0	0.9377	0.001814	1	2.7772614E7	MS/MS	N-term(229.1629),9K(229.1629)		sp|P55072|TERA_HUMAN	P55072	TERA_HUMAN	VCP	Transitional endoplasmic reticulum ATPase			K:229.1629@LEILQIHTK(1);
LELAQYR	n[229.1629]LELAQYR	K	E	435	441	7	561.3294	2	1120.6467	0	0.8851	0.02819	1	1.0277753E9	MS/MS	N-term(229.1629)		sp|P25705|ATPA_HUMAN	P25705	ATPA_HUMAN	ATP5F1A	ATP synthase subunit alpha, mitochondrial			
LFPDTPLALDANK	n[229.1629]LFPDTPLALDANK[229.1629]	K	K	588	600	13	625.0327	3	1872.0802	0	0.9267	3.27E-5	1	3.59449856E8	MS/MS	N-term(229.1629),13K(229.1629)		sp|Q12906|ILF3_HUMAN	Q12906	ILF3_HUMAN	ILF3	Interleukin enhancer-binding factor 3			K:229.1629@LFPDTPLALDANK(1);
LGLCAAALLCVCRPGAVR	n[229.1629]LGLC[57.0215]AAALLC[57.0215]VC[57.0215]RPGAVR	R	A	4	21	18	729.4022	3	2186.1807	0	0.7513	0.05962	1	1.01413325E9	MS/MS	N-term(229.1629),10C(57.0215),12C(57.0215),4C(57.0215)		sp|Q5R3F8|PPR29_HUMAN	Q5R3F8	PPR29_HUMAN	ELFN2	Protein phosphatase 1 regulatory subunit 29			C:57.0215@LGLC(1)AAALLC(1)VC(1)RPGAVR;
LGYSDAEMDEQEEGGWDPEEMAEDCNGAGLVNVESTQGPR	n[229.1629]LGYSDAEM[15.9949]DEQEEGGWDPEEM[15.9949]AEDC[57.0215]NGAGLVNVESTQGPR	R	I	430	469	40	1158.9904	4	4632.9453	0	0.8482	1.118E-4	1	6.4583368E7	MS/MS	N-term(229.1629),21M(15.9949),25C(57.0215),8M(15.9949)		sp|P17040|ZSC20_HUMAN	P17040	ZSC20_HUMAN	ZSCAN20	Zinc finger and SCAN domain-containing protein 20			C:57.0215@LGYSDAEMDEQEEGGWDPEEMAEDC(1)NGAGLVNVESTQGPR;M:15.9949@LGYSDAEM(1)DEQEEGGWDPEEM(1)AEDCNGAGLVNVESTQGPR;
LIDVNHYAK	n[229.1629]LIDVNHYAK[229.1629]	K	D	638	646	9	510.9729	3	1530.907	0	0.6901	0.001899	1	2260560.5	MS/MS	N-term(229.1629),9K(229.1629)		sp|Q13813|SPTN1_HUMAN	Q13813	SPTN1_HUMAN	SPTAN1	Spectrin alpha chain, non-erythrocytic 1			K:229.1629@LIDVNHYAK(1);
LIPDSIGK	n[229.1629]LIPDSIGK[229.1629]	K	D	188	195	8	650.9156	2	1299.8187	0	0.9603	0.03308	1	5.06984448E8	MS/MS	N-term(229.1629),8K(229.1629)		sp|P61247|RS3A_HUMAN	P61247	RS3A_HUMAN	RPS3A	Small ribosomal subunit protein eS1			K:229.1629@LIPDSIGK(1);
LISWYDNEFGYSNR	n[229.1629]LISWYDNEFGYSNR	K	V	310	323	14	664.9933	3	1991.9619	0	0.9991	9.576E-8	1	6.7230586E8	MS/MS	N-term(229.1629)		sp|P04406|G3P_HUMAN	P04406	G3P_HUMAN	GAPDH	Glyceraldehyde-3-phosphate dehydrogenase			
LKGDDLQAIK	n[229.1629]LK[229.1629]GDDLQAIK[229.1629]	K	Q	175	184	10	596.7114	3	1787.1163	0	0.9567	8.902E-4	1	3.59196992E8	MS/MS	N-term(229.1629),10K(229.1629),2K(229.1629)		sp|B7ZW38|HNRC3_HUMAN	B7ZW38	HNRC3_HUMAN	HNRNPCL3	Heterogeneous nuclear ribonucleoprotein C-like 3	HNRNPC, HNRNPCL1, HNRNPCL2, HNRNPCL4	sp|B2RXH8|HNRC2_HUMAN, sp|O60812|HNRC1_HUMAN, sp|P07910|HNRPC_HUMAN, sp|P0DMR1|HNRC4_HUMAN	K:229.1629@LK(1)GDDLQAIK(1);
LLDLVQQSCNYK	n[229.1629]LLDLVQQSC[57.0215]NYK[229.1629]	K	Q	22	33	12	647.0289	3	1938.0671	0	0.9156	2.371E-4	2	3.01286432E8	MS/MS	N-term(229.1629),12K(229.1629),9C(57.0215)		sp|P55769|NH2L1_HUMAN	P55769	NH2L1_HUMAN	SNU13	NHP2-like protein 1			C:57.0215@LLDLVQQSC(1)NYK;K:229.1629@LLDLVQQSCNYK(1);
LLFNDVQTLK	n[229.1629]LLFNDVQTLK[229.1629]	R	D	588	597	10	825.0054	2	1647.9988	0	0.9379	0.001323	1	3.95860704E8	MS/MS	N-term(229.1629),10K(229.1629)		sp|Q15149|PLEC_HUMAN	Q15149	PLEC_HUMAN	PLEC	Plectin			K:229.1629@LLFNDVQTLK(1);
LLVSASQDGK	n[229.1629]LLVSASQDGK[229.1629]	K	L	69	78	10	492.6326	3	1474.8782	0	0.7103	0.003467	1	1.09401904E8	MS/MS	N-term(229.1629),10K(229.1629)		sp|P16520|GBB3_HUMAN	P16520	GBB3_HUMAN	GNB3	Guanine nucleotide-binding protein G(I)/G(S)/G(T) subunit beta-3	GNB1, GNB2, GNB4	sp|P62873|GBB1_HUMAN, sp|P62879|GBB2_HUMAN, sp|Q9HAV0|GBB4_HUMAN	K:229.1629@LLVSASQDGK(1);
LMVALAK	n[229.1629]LMVALAK[229.1629]	K	G	170	176	7	602.3986	2	1202.7849	0	0.8814	0.00845	1	1.05562746E9	MS/MS	N-term(229.1629),7K(229.1629)		sp|A6NMY6|AXA2L_HUMAN	A6NMY6	AXA2L_HUMAN	ANXA2P2	Putative annexin A2-like protein	ANXA2	sp|P07355|ANXA2_HUMAN	K:229.1629@LMVALAK(1);
LNMATLR	n[229.1629]LNMATLR	R	M	945	951	7	524.3127	2	1046.6128	0	0.7339	0.01585	1	6.273588E7	MS/MS	N-term(229.1629)		sp|Q08211|DHX9_HUMAN	Q08211	DHX9_HUMAN	DHX9	ATP-dependent RNA helicase A			
LNQYFQK	n[229.1629]LNQYFQK[229.1629]	R	E	185	191	7	699.9108	2	1397.8096	0	0.8841	0.01268	1	4.80224096E8	MS/MS	N-term(229.1629),7K(229.1629)		sp|Q08211|DHX9_HUMAN	Q08211	DHX9_HUMAN	DHX9	ATP-dependent RNA helicase A			K:229.1629@LNQYFQK(1);
LQPFATEADVEEALR	n[229.1629]LQPFATEADVEEALR	K	L	628	642	15	640.0088	3	1917.0098	0	0.997	8.909E-7	1	3.719484E7	MS/MS	N-term(229.1629)		sp|P33992|MCM5_HUMAN	P33992	MCM5_HUMAN	MCM5	DNA replication licensing factor MCM5			
LSELEAALQR	n[229.1629]LSELEAALQR	K	A	353	362	10	679.8956	2	1357.779	0	0.9952	0.001522	1	1.47750973E10	MS/MS	N-term(229.1629)		sp|P05787|K2C8_HUMAN	P05787	K2C8_HUMAN	KRT8	Keratin, type II cytoskeletal 8			
LSLEGDHSTPPSAYGSVK	n[229.1629]LSLEGDHSTPPSAYGSVK[229.1629]	K	A	11	28	18	768.4143	3	2302.2146	0	0.9993	1.748E-9	1	3235762.8	MS/MS	N-term(229.1629),18K(229.1629)		sp|A6NMY6|AXA2L_HUMAN	A6NMY6	AXA2L_HUMAN	ANXA2P2	Putative annexin A2-like protein	ANXA2	sp|P07355|ANXA2_HUMAN	K:229.1629@LSLEGDHSTPPSAYGSVK(1);
LTAELIEQAAQYTNAVR	n[229.1629]LTAELIEQAAQYTNAVR	K	D	4	20	17	707.3898	3	2119.1501	0	0.9995	3.073E-8	1	8.087752E7	MS/MS	N-term(229.1629)		sp|P09661|RU2A_HUMAN	P09661	RU2A_HUMAN	SNRPA1	U2 small nuclear ribonucleoprotein A'			
LTTLPSDFCGLTHLVK	n[229.1629]LTTLPSDFC[57.0215]GLTHLVK[229.1629]	K	L	51	66	16	754.0974	3	2259.2742	0	0.9986	2.129E-9	1	4.42315392E8	MS/MS	N-term(229.1629),16K(229.1629),9C(57.0215)		sp|Q96AG4|LRC59_HUMAN	Q96AG4	LRC59_HUMAN	LRRC59	Leucine-rich repeat-containing protein 59			C:57.0215@LTTLPSDFC(1)GLTHLVK;K:229.1629@LTTLPSDFCGLTHLVK(1);
LTWHSCPEDEAQ	n[229.1629]LTWHSC[57.0215]PEDEAQ	R	-	172	183	12	851.3906	2	1700.7665	0	0.7746	0.003666	1	2.74697888E8	MS/MS	N-term(229.1629),6C(57.0215)		sp|Q13185|CBX3_HUMAN	Q13185	CBX3_HUMAN	CBX3	Chromobox protein homolog 3			C:57.0215@LTWHSC(1)PEDEAQ;
LVESLPQEIK	n[229.1629]LVESLPQEIK[229.1629]	K	A	164	173	10	807.4975	2	1612.9843	0	0.9826	1.347E-4	1	3.02890944E8	MS/MS	N-term(229.1629),10K(229.1629)		sp|P52815|RM12_HUMAN	P52815	RM12_HUMAN	MRPL12	Large ribosomal subunit protein bL12m			K:229.1629@LVESLPQEIK(1);
LVGDVDFEGVR	n[229.1629]LVGDVDFEGVR	K	Q	289	299	11	717.8931	2	1433.7749	0	0.9995	6.298E-7	1	8.4176848E7	MS/MS	N-term(229.1629)		sp|P13995|MTDC_HUMAN	P13995	MTDC_HUMAN	MTHFD2	Bifunctional methylenetetrahydrofolate dehydrogenase/cyclohydrolase, mitochondrial			
LVLLGESAVGK	n[229.1629]LVLLGESAVGK[229.1629]	K	S	24	34	11	772.4948	2	1542.979	0	0.9995	1.367E-5	1	6.4193472E7	MS/MS	N-term(229.1629),11K(229.1629)		sp|P51148|RAB5C_HUMAN	P51148	RAB5C_HUMAN	RAB5C	Ras-related protein Rab-5C	RAB5A, RAB5B	sp|P20339|RAB5A_HUMAN, sp|P61020|RAB5B_HUMAN	K:229.1629@LVLLGESAVGK(1);
LYTLVLTDPDAPSR	n[229.1629]LYTLVLTDPDAPSR	K	K	63	76	14	597.3347	3	1788.9862	0	0.983	9.752E-7	1	7.0888696E7	MS/MS	N-term(229.1629)		sp|P30086|PEBP1_HUMAN	P30086	PEBP1_HUMAN	PEBP1	Phosphatidylethanolamine-binding protein 1			
MESALDQLK	n[229.1629]MESALDQLK[229.1629]	R	Q	11	19	9	746.9259	2	1491.8411	0	0.9948	7.028E-4	1	3.8888696E7	MS/MS	N-term(229.1629),9K(229.1629)		sp|P37837|TALDO_HUMAN	P37837	TALDO_HUMAN	TALDO1	Transaldolase			K:229.1629@MESALDQLK(1);
MESEGGADDSAEEGDLLDDDDNEDRGDDQLELIKDDEK	n[229.1629]MESEGGADDSAEEGDLLDDDDNEDRGDDQLELIK[229.1629]DDEK[229.1629]	K	E	251	288	38	1629.0732	3	4884.144	0	0.6689	4.592E-4	1	0.0	MS/MS	N-term(229.1629),34K(229.1629),38K(229.1629)		sp|P07910|HNRPC_HUMAN	P07910	HNRPC_HUMAN	HNRNPC	Heterogeneous nuclear ribonucleoproteins C1/C2			K:229.1629@MESEGGADDSAEEGDLLDDDDNEDRGDDQLELIK(1)DDEK(1);
MESEGGADDSAEEGDLLDDDDNEDRGDDQLELIKDDEK	n[229.1629]MESEGGADDSAEEGDLLDDDDNEDRGDDQLELIK[229.1629]DDEK[229.1629]	K	E	251	288	38	1222.0568	4	4885.1997	0	1.0	0.0	2	1.0710448E8	MS/MS	N-term(229.1629),34K(229.1629),38K(229.1629)		sp|P07910|HNRPC_HUMAN	P07910	HNRPC_HUMAN	HNRNPC	Heterogeneous nuclear ribonucleoproteins C1/C2			K:229.1629@MESEGGADDSAEEGDLLDDDDNEDRGDDQLELIK(1)DDEK(1);
MESEGGADDSAEEGDLLDDDDNEDRGDDQLELIKDDEK	n[229.1629]MESEGGADDSAEEGDLLDDDDNEDRGDDQLELIK[229.1629]DDEK[229.1629]	K	E	251	288	38	977.8469	5	4884.197	0	0.9829	9.977E-6	1	2.97086752E8	MS/MS	N-term(229.1629),34K(229.1629),38K(229.1629)		sp|P07910|HNRPC_HUMAN	P07910	HNRPC_HUMAN	HNRNPC	Heterogeneous nuclear ribonucleoproteins C1/C2			K:229.1629@MESEGGADDSAEEGDLLDDDDNEDRGDDQLELIK(1)DDEK(1);
MESEGGADDSVEEGDLLCDDDNEDQGDNQLELIK	n[229.1629]MESEGGADDSVEEGDLLC[57.0215]DDDNEDQGDNQLELIK[229.1629]	K	D	238	271	34	1053.9705	4	4211.787	0	0.9959	1.939E-6	1	0.0	MS/MS	N-term(229.1629),18C(57.0215),34K(229.1629)		sp|B7ZW38|HNRC3_HUMAN	B7ZW38	HNRC3_HUMAN	HNRNPCL3	Heterogeneous nuclear ribonucleoprotein C-like 3	HNRNPCL4	sp|P0DMR1|HNRC4_HUMAN	C:57.0215@MESEGGADDSVEEGDLLC(1)DDDNEDQGDNQLELIK;K:229.1629@MESEGGADDSVEEGDLLCDDDNEDQGDNQLELIK(1);
MESEGGADDSVEEGDLLCDDDNEDQGDNQLELIKDDEK	n[229.1629]MESEGGADDSVEEGDLLC[57.0215]DDDNEDQGDNQLELIK[229.1629]DDEK[229.1629]	K	G	238	275	38	1233.059	4	4929.198	0	0.9896	1.286E-7	2	3.4094984E7	MS/MS	N-term(229.1629),18C(57.0215),34K(229.1629),38K(229.1629)		sp|B7ZW38|HNRC3_HUMAN	B7ZW38	HNRC3_HUMAN	HNRNPCL3	Heterogeneous nuclear ribonucleoprotein C-like 3	HNRNPCL4	sp|P0DMR1|HNRC4_HUMAN	C:57.0215@MESEGGADDSVEEGDLLC(1)DDDNEDQGDNQLELIKDDEK;K:229.1629@MESEGGADDSVEEGDLLCDDDNEDQGDNQLELIK(1)DDEK(1);
MESEGGADDSVEEGDLLCDDDNEDQGDNQLELIKDDEK	n[229.1629]MESEGGADDSVEEGDLLC[57.0215]DDDNEDQGDNQLELIK[229.1629]DDEK[229.1629]	K	G	238	275	38	986.6487	5	4928.251	0	0.9979	1.138E-6	4	4.3560712E7	MS/MS	N-term(229.1629),18C(57.0215),34K(229.1629),38K(229.1629)		sp|B7ZW38|HNRC3_HUMAN	B7ZW38	HNRC3_HUMAN	HNRNPCL3	Heterogeneous nuclear ribonucleoprotein C-like 3	HNRNPCL4	sp|P0DMR1|HNRC4_HUMAN	C:57.0215@MESEGGADDSVEEGDLLC(1)DDDNEDQGDNQLELIKDDEK;K:229.1629@MESEGGADDSVEEGDLLCDDDNEDQGDNQLELIK(1)DDEK(1);
MGPAIER	n[229.1629]MGPAIER	R	M	518	524	7	501.7838	2	1001.55475	0	0.7687	0.00756	1	3.57221088E8	MS/MS	N-term(229.1629)		sp|P52272|HNRPM_HUMAN	P52272	HNRPM_HUMAN	HNRNPM	Heterogeneous nuclear ribonucleoprotein M			
MGPGIDR	n[229.1629]MGPGIDR	R	L	404	410	7	487.7682	2	973.5233	0	0.7511	0.004157	1	1.0728504E8	MS/MS	N-term(229.1629)		sp|P52272|HNRPM_HUMAN	P52272	HNRPM_HUMAN	HNRNPM	Heterogeneous nuclear ribonucleoprotein M			
MIAGQVLDINLAAEPK	n[229.1629]MIAGQVLDINLAAEPK[229.1629]	R	V	74	89	16	714.4183	3	2140.2388	0	0.9827	1.4E-7	1	1.36702438E9	MS/MS	N-term(229.1629),16K(229.1629)		sp|P07910|HNRPC_HUMAN	P07910	HNRPC_HUMAN	HNRNPC	Heterogeneous nuclear ribonucleoproteins C1/C2			K:229.1629@MIAGQVLDINLAAEPK(1);
MQASIEK	n[229.1629]MQASIEK[229.1629]	K	G	251	257	7	632.8704	2	1263.7291	0	0.7556	0.06126	1	2.24814029E9	MS/MS	N-term(229.1629),7K(229.1629)		sp|P06748|NPM_HUMAN	P06748	NPM_HUMAN	NPM1	Nucleophosmin			K:229.1629@MQASIEK(1);
MQLLEIITTEK	n[229.1629]MQLLEIITTEK[229.1629]	K	T	506	516	11	593.023	3	1776.051	0	0.924	3.822E-5	1	7.3525192E7	MS/MS	N-term(229.1629),11K(229.1629)		sp|P40939|ECHA_HUMAN	P40939	ECHA_HUMAN	HADHA	Trifunctional enzyme subunit alpha, mitochondrial			K:229.1629@MQLLEIITTEK(1);
MSATFIGNSTAIQELFK	n[229.1629]MSATFIGNSTAIQELFK[229.1629]	K	R	363	379	17	772.7606	3	2315.2666	0	0.9992	5.018E-9	1	1.28862336E8	MS/MS	N-term(229.1629),17K(229.1629)		sp|P68371|TBB4B_HUMAN	P68371	TBB4B_HUMAN	TUBB4B	Tubulin beta-4B chain	TUBB2A, TUBB2B	sp|Q13885|TBB2A_HUMAN, sp|Q9BVA1|TBB2B_HUMAN	K:229.1629@MSATFIGNSTAIQELFK(1);
MTDQEAIQDLWQWR	n[229.1629]MTDQEAIQDLWQWR	R	K	278	291	14	683.6735	3	2048.0024	0	0.9953	1.078E-6	2	2.41749504E8	MS/MS	N-term(229.1629)		sp|P06748|NPM_HUMAN	P06748	NPM_HUMAN	NPM1	Nucleophosmin			
MVDPEKPQLGMIDR	n[229.1629]MVDPEK[229.1629]PQLGMIDR	K	W	143	156	14	696.3846	3	2086.1377	0	0.9595	8.001E-5	1	5.5468544E7	MS/MS	N-term(229.1629),6K(229.1629)		sp|P09874|PARP1_HUMAN	P09874	PARP1_HUMAN	PARP1	Poly [ADP-ribose] polymerase 1			K:229.1629@MVDPEK(1)PQLGMIDR;
MVNDAEK	n[229.1629]MVNDAEK[229.1629]	R	F	541	547	7	632.8522	2	1263.6919	0	0.627	0.03919	1	1.34545344E9	MS/MS	N-term(229.1629),7K(229.1629)		sp|P11021|BIP_HUMAN	P11021	BIP_HUMAN	HSPA5	Endoplasmic reticulum chaperone BiP			K:229.1629@MVNDAEK(1);
MVVPAALK	n[229.1629]MVVPAALK[229.1629]	R	V	118	125	8	643.9171	2	1285.8225	0	0.8808	0.00405	1	2.13424336E8	MS/MS	N-term(229.1629),8K(229.1629)		sp|P40429|RL13A_HUMAN	P40429	RL13A_HUMAN	RPL13A	Large ribosomal subunit protein uL13	RPL13AP3	sp|Q6NVV1|R13P3_HUMAN	K:229.1629@MVVPAALK(1);
MAATFIGNSTAIQELFK	n[229.1629]M[15.9949]AATFIGNSTAIQELFK[229.1629]	K	R	363	379	17	772.7606	3	2315.2666	0	0.9773	3.028E-6	1	1.17926992E8	MS/MS	N-term(229.1629),17K(229.1629),1M(15.9949)		sp|P04350|TBB4A_HUMAN	P04350	TBB4A_HUMAN	TUBB4A	Tubulin beta-4A chain			K:229.1629@MAATFIGNSTAIQELFK(1);M:15.9949@M(1)AATFIGNSTAIQELFK;
MESEGGADDSVEEGDLLCDDDNEDQGDNQLELIKDDEK	n[229.1629]M[15.9949]ESEGGADDSVEEGDLLC[57.0215]DDDNEDQGDNQLELIK[229.1629]DDEK[229.1629]	K	G	238	275	38	989.8477	5	4945.2	0	0.883	2.467E-4	2	2.683297E7	MS/MS	N-term(229.1629),18C(57.0215),1M(15.9949),34K(229.1629),38K(229.1629)		sp|B7ZW38|HNRC3_HUMAN	B7ZW38	HNRC3_HUMAN	HNRNPCL3	Heterogeneous nuclear ribonucleoprotein C-like 3	HNRNPCL4	sp|P0DMR1|HNRC4_HUMAN	C:57.0215@MESEGGADDSVEEGDLLC(1)DDDNEDQGDNQLELIKDDEK;K:229.1629@MESEGGADDSVEEGDLLCDDDNEDQGDNQLELIK(1)DDEK(1);M:15.9949@M(1)ESEGGADDSVEEGDLLCDDDNEDQGDNQLELIKDDEK;
MIAGQVLDINLAAEPK	n[229.1629]M[15.9949]IAGQVLDINLAAEPK[229.1629]	R	V	74	89	16	719.7499	3	2156.231	0	0.9817	1.085E-7	1	5.30078752E8	MS/MS	N-term(229.1629),16K(229.1629),1M(15.9949)		sp|P07910|HNRPC_HUMAN	P07910	HNRPC_HUMAN	HNRNPC	Heterogeneous nuclear ribonucleoproteins C1/C2			K:229.1629@MIAGQVLDINLAAEPK(1);M:15.9949@M(1)IAGQVLDINLAAEPK;
MSATFIGNSTAIQELFK	n[229.1629]M[15.9949]SATFIGNSTAIQELFK[229.1629]	K	R	363	379	17	778.0923	3	2331.2612	0	0.9991	3.235E-8	1	8.3962568E7	MS/MS	N-term(229.1629),17K(229.1629),1M(15.9949)		sp|P68371|TBB4B_HUMAN	P68371	TBB4B_HUMAN	TUBB4B	Tubulin beta-4B chain	TUBB2A, TUBB2B	sp|Q13885|TBB2A_HUMAN, sp|Q9BVA1|TBB2B_HUMAN	K:229.1629@MSATFIGNSTAIQELFK(1);M:15.9949@M(1)SATFIGNSTAIQELFK;
NASEMIDK	n[229.1629]NASEMIDK[229.1629]	K	L	263	270	8	683.376	2	1364.7407	0	0.9725	3.903E-4	1	1.29500856E8	MS/MS	N-term(229.1629),8K(229.1629)		sp|P36542|ATPG_HUMAN	P36542	ATPG_HUMAN	ATP5F1C	ATP synthase subunit gamma, mitochondrial			K:229.1629@NASEMIDK(1);
NGFLLDGFPR	n[229.1629]NGFLLDGFPR	K	T	94	103	10	682.8798	2	1363.7488	0	0.9928	8.645E-7	1	1.81834768E8	MS/MS	N-term(229.1629)		sp|P54819|KAD2_HUMAN	P54819	KAD2_HUMAN	AK2	Adenylate kinase 2, mitochondrial			
NHSGNDERDEEDEERESK	n[229.1629]NHSGNDERDEEDEERESK[229.1629]	K	S	328	345	18	659.0573	4	2632.2021	0	0.9999	0.0	2	3.31958048E8	MS/MS	N-term(229.1629),18K(229.1629)		sp|Q8IWS0|PHF6_HUMAN	Q8IWS0	PHF6_HUMAN	PHF6	PHD finger protein 6			K:229.1629@NHSGNDERDEEDEERESK(1);
NIGLGFK	n[229.1629]NIGLGFK[229.1629]	K	T	39	45	7	603.8841	2	1205.7571	0	0.9322	0.002542	1	3.8487376E8	MS/MS	N-term(229.1629),7K(229.1629)		sp|P62280|RS11_HUMAN	P62280	RS11_HUMAN	RPS11	Small ribosomal subunit protein uS17			K:229.1629@NIGLGFK(1);
NIPPYFVALVPQEEELDDQK	n[229.1629]NIPPYFVALVPQEEELDDQK[229.1629]	R	I	405	424	20	934.837	3	2801.4932	0	0.9999	3.981E-10	2	3.04578496E8	MS/MS	N-term(229.1629),20K(229.1629)		sp|P12956|XRCC6_HUMAN	P12956	XRCC6_HUMAN	XRCC6	X-ray repair cross-complementing protein 6			K:229.1629@NIPPYFVALVPQEEELDDQK(1);
NLIPFDQMTIEDLNEAFPETK	n[229.1629]NLIPFDQM[15.9949]TIEDLNEAFPETK[229.1629]	K	L	124	144	21	980.5086	3	2939.517	0	0.8688	6.91E-4	1	1.3301995E7	MS/MS	N-term(229.1629),21K(229.1629),8M(15.9949)		sp|O75947|ATP5H_HUMAN	O75947	ATP5H_HUMAN	ATP5PD	ATP synthase subunit d, mitochondrial			K:229.1629@NLIPFDQMTIEDLNEAFPETK(1);M:15.9949@NLIPFDQM(1)TIEDLNEAFPETK;
NLVDPFVEVSFAGK	n[229.1629]NLVDPFVEVSFAGK[229.1629]	K	M	414	427	14	660.7117	3	1979.1185	0	0.9498	1.333E-6	1	3.6606684E7	MS/MS	N-term(229.1629),14K(229.1629)		sp|O75923|DYSF_HUMAN	O75923	DYSF_HUMAN	DYSF	Dysferlin	MYOF	sp|Q9NZM1|MYOF_HUMAN	K:229.1629@NLVDPFVEVSFAGK(1);
NPPGFAFVEFEDPRDAEDAVR	n[229.1629]NPPGFAFVEFEDPRDAEDAVR	R	G	45	65	21	869.7607	3	2606.265	0	0.9936	2.089E-6	1	6.2845292E7	MS/MS	N-term(229.1629)		sp|Q16629|SRSF7_HUMAN	Q16629	SRSF7_HUMAN	SRSF7	Serine/arginine-rich splicing factor 7			
NVFIIGATNRPDIIDPAILRPGR	n[229.1629]NVFIIGATNRPDIIDPAILRPGR	K	L	616	638	23	687.6524	4	2746.5845	0	0.9989	2.063E-9	2	1.12731016E8	MS/MS	N-term(229.1629)		sp|P55072|TERA_HUMAN	P55072	TERA_HUMAN	VCP	Transitional endoplasmic reticulum ATPase			
NVPYVFVR	n[229.1629]NVPYVFVR	K	S	77	84	8	611.8609	2	1221.7098	0	0.8824	0.01197	1	1.9457872E8	MS/MS	N-term(229.1629)		sp|P55769|NH2L1_HUMAN	P55769	NH2L1_HUMAN	SNU13	NHP2-like protein 1			
NVTLPAVFK	n[229.1629]NVTLPAVFK[229.1629]	K	A	21	29	9	723.9578	2	1445.9036	0	0.9958	6.018E-5	1	3.48220704E8	MS/MS	N-term(229.1629),9K(229.1629)		sp|P36578|RL4_HUMAN	P36578	RL4_HUMAN	RPL4	Large ribosomal subunit protein uL4			K:229.1629@NVTLPAVFK(1);
PVSSAASVYAGAGGSGSR	n[229.1629]PVSSAASVYAGAGGSGSR	R	I	28	45	18	603.9812	3	1808.925	0	0.9956	3.876E-8	1	6.0083123E8	MS/MS	N-term(229.1629)		sp|P05783|K1C18_HUMAN	P05783	K1C18_HUMAN	KRT18	Keratin, type I cytoskeletal 18			
QAQEYEALLNIK	n[229.1629]QAQEYEALLNIK[229.1629]	R	V	359	370	12	626.6961	3	1877.0696	0	0.9832	1.744E-6	1	7.4868378E9	MS/MS	N-term(229.1629),12K(229.1629)		sp|P05783|K1C18_HUMAN	P05783	K1C18_HUMAN	KRT18	Keratin, type I cytoskeletal 18			K:229.1629@QAQEYEALLNIK(1);
QLAEDFLK	n[229.1629]QLAEDFLK[229.1629]	R	D	288	295	8	711.4238	2	1420.8358	0	0.8964	0.01416	1	7.9567024E7	MS/MS	N-term(229.1629),8K(229.1629)		sp|P17844|DDX5_HUMAN	P17844	DDX5_HUMAN	DDX5	Probable ATP-dependent RNA helicase DDX5			K:229.1629@QLAEDFLK(1);
QLFALSCTAEEQGVLPDDLSGVIR	n[229.1629]QLFALSC[57.0215]TAEEQGVLPDDLSGVIR	R	R	106	129	24	949.8301	3	2846.4736	0	1.0	1.61E-12	2	1.10277904E8	MS/MS	N-term(229.1629),7C(57.0215)		sp|P04899|GNAI2_HUMAN	P04899	GNAI2_HUMAN	GNAI2	Guanine nucleotide-binding protein G(i) subunit alpha-2			C:57.0215@QLFALSC(1)TAEEQGVLPDDLSGVIR;
QLFDQVVK	n[229.1629]QLFDQVVK[229.1629]	K	T	28	35	8	717.9396	2	1433.8676	0	0.9801	0.006856	1	4.68978688E8	MS/MS	N-term(229.1629),8K(229.1629)		sp|P15311|EZRI_HUMAN	P15311	EZRI_HUMAN	EZR	Ezrin	MSN, RDX	sp|P26038|MOES_HUMAN, sp|P35241|RADI_HUMAN	K:229.1629@QLFDQVVK(1);
QLPTLILFQGGK	n[229.1629]QLPTLILFQGGK[229.1629]	K	E	216	227	12	591.7061	3	1772.096	0	0.7177	0.002237	1	1.1950961E7	MS/MS	N-term(229.1629),12K(229.1629)		sp|Q9Y320|TMX2_HUMAN	Q9Y320	TMX2_HUMAN	TMX2	Thioredoxin-related transmembrane protein 2			K:229.1629@QLPTLILFQGGK(1);
QLSSGVSEIR	n[229.1629]QLSSGVSEIR	R	H	80	89	10	652.8722	2	1303.7325	0	0.9854	8.188E-5	1	2.10578688E8	MS/MS	N-term(229.1629)		sp|P04792|HSPB1_HUMAN	P04792	HSPB1_HUMAN	HSPB1	Heat shock protein beta-1			
QTIDNSQGAYQEAFDISK	n[229.1629]QTIDNSQGAYQEAFDISK[229.1629]	K	K	140	157	18	825.0918	3	2472.2563	0	0.9984	6.409E-7	1	1.05548808E8	MS/MS	N-term(229.1629),18K(229.1629)		sp|P27348|1433T_HUMAN	P27348	1433T_HUMAN	YWHAQ	14-3-3 protein theta			K:229.1629@QTIDNSQGAYQEAFDISK(1);
QVDQLTNDK	n[229.1629]QVDQLTNDK[229.1629]	R	A	160	168	9	759.93	2	1517.8495	0	0.9652	1.417E-5	1	1.26659584E9	MS/MS	N-term(229.1629),9K(229.1629)		sp|P08670|VIME_HUMAN	P08670	VIME_HUMAN	VIM	Vimentin			K:229.1629@QVDQLTNDK(1);
SAAETVTK	n[229.1629]SAAETVTK[229.1629]	R	G	21	28	8	632.8792	2	1263.7466	0	0.9517	7.372E-4	1	1.48827123E9	MS/MS	N-term(229.1629),8K(229.1629)		sp|P61604|CH10_HUMAN	P61604	CH10_HUMAN	HSPE1	10 kDa heat shock protein, mitochondrial			K:229.1629@SAAETVTK(1);
SADTLWGIQK	n[229.1629]SADTLWGIQK[229.1629]	K	E	319	328	10	788.9586	2	1575.9075	0	0.9941	1.668E-4	1	5.33731072E8	MS/MS	N-term(229.1629),10K(229.1629)		sp|P00338|LDHA_HUMAN	P00338	LDHA_HUMAN	LDHA	L-lactate dehydrogenase A chain			K:229.1629@SADTLWGIQK(1);
SDQDYILK	n[229.1629]SDQDYILK[229.1629]	K	E	94	101	8	720.4109	2	1438.8077	0	0.8713	1.373E-4	1	2.27028192E8	MS/MS	N-term(229.1629),8K(229.1629)		sp|Q9UQ80|PA2G4_HUMAN	Q9UQ80	PA2G4_HUMAN	PA2G4	Proliferation-associated protein 2G4			K:229.1629@SDQDYILK(1);
SDRPELTGAK	n[229.1629]SDRPELTGAK[229.1629]	K	V	207	216	10	511.2996	3	1530.8807	0	0.9804	2.226E-4	1	9.2328496E7	MS/MS	N-term(229.1629),10K(229.1629)		sp|P13804|ETFA_HUMAN	P13804	ETFA_HUMAN	ETFA	Electron transfer flavoprotein subunit alpha, mitochondrial			K:229.1629@SDRPELTGAK(1);
SEVDMLK	n[229.1629]SEVDMLK[229.1629]	R	I	296	302	7	640.3702	2	1278.7294	0	0.8445	0.008736	1	1.2483812E8	MS/MS	N-term(229.1629),7K(229.1629)		sp|A6NMY6|AXA2L_HUMAN	A6NMY6	AXA2L_HUMAN	ANXA2P2	Putative annexin A2-like protein	ANXA2	sp|P07355|ANXA2_HUMAN	K:229.1629@SEVDMLK(1);
SILFVPTSAPR	n[229.1629]SILFVPTSAPR	K	G	385	395	11	708.9242	2	1415.8367	0	0.9992	2.622E-5	1	1.55153101E9	MS/MS	N-term(229.1629)		sp|P14625|ENPL_HUMAN	P14625	ENPL_HUMAN	HSP90B1	Endoplasmin			
SISQQSGAR	n[229.1629]SISQQSGAR	K	I	401	409	9	581.8225	2	1161.6343	0	0.8453	0.01715	1	5.686398E7	MS/MS	N-term(229.1629)		sp|Q96AE4|FUBP1_HUMAN	Q96AE4	FUBP1_HUMAN	FUBP1	Far upstream element-binding protein 1			
SKDQDDQKPGPSER	n[229.1629]SK[229.1629]DQDDQK[229.1629]PGPSER	K	S	536	549	14	569.3128	4	2273.2266	0	0.9934	5.993E-8	1	2.56935648E8	MS/MS	N-term(229.1629),2K(229.1629),8K(229.1629)		sp|Q15424|SAFB1_HUMAN	Q15424	SAFB1_HUMAN	SAFB	Scaffold attachment factor B1			K:229.1629@SK(1)DQDDQK(1)PGPSER;
SLDLFNCEVTNLNDYR	n[229.1629]SLDLFNC[57.0215]EVTNLNDYR	K	E	117	132	16	734.6948	3	2201.065	0	0.9949	2.262E-7	1	4.14872704E8	MS/MS	N-term(229.1629),7C(57.0215)		sp|P39687|AN32A_HUMAN	P39687	AN32A_HUMAN	ANP32A	Acidic leucine-rich nuclear phosphoprotein 32 family member A	ANP32B	sp|Q92688|AN32B_HUMAN	C:57.0215@SLDLFNC(1)EVTNLNDYR;
SLDMDSIIAEVK	n[229.1629]SLDMDSIIAEVK[229.1629]	R	A	253	264	12	593.6706	3	1777.9933	0	0.8871	9.382E-5	1	2.68196762E9	MS/MS	N-term(229.1629),12K(229.1629)		sp|P05787|K2C8_HUMAN	P05787	K2C8_HUMAN	KRT8	Keratin, type II cytoskeletal 8			K:229.1629@SLDMDSIIAEVK(1);
SLDMDSIIAEVK	n[229.1629]SLDM[15.9949]DSIIAEVK[229.1629]	R	A	253	264	12	599.0023	3	1793.9894	0	0.9862	4.478E-4	2	1.93194864E8	MS/MS	N-term(229.1629),12K(229.1629),4M(15.9949)		sp|P05787|K2C8_HUMAN	P05787	K2C8_HUMAN	KRT8	Keratin, type II cytoskeletal 8			K:229.1629@SLDMDSIIAEVK(1);M:15.9949@SLDM(1)DSIIAEVK;
SLGSVQAPSYGAR	n[229.1629]SLGSVQAPSYGAR	R	P	15	27	13	761.4148	2	1520.818	0	0.9975	6.244E-7	1	1.01998305E10	MS/MS	N-term(229.1629)		sp|P05783|K1C18_HUMAN	P05783	K1C18_HUMAN	KRT18	Keratin, type I cytoskeletal 18			
SLQDIIAILGMDELSEEDK	n[229.1629]SLQDIIAILGM[15.9949]DELSEEDK[229.1629]	K	L	433	451	19	865.1275	3	2592.3643	0	0.9905	1.62E-7	1	1.23700424E8	MS/MS	N-term(229.1629),11M(15.9949),19K(229.1629)		sp|P06576|ATPB_HUMAN	P06576	ATPB_HUMAN	ATP5F1B	ATP synthase subunit beta, mitochondrial			K:229.1629@SLQDIIAILGMDELSEEDK(1);M:15.9949@SLQDIIAILGM(1)DELSEEDK;
SSQPLASK	n[229.1629]SSQPLASK[229.1629]	K	Q	8	15	8	638.3872	2	1274.7622	0	0.9611	5.807E-4	1	1.43318848E9	MS/MS	N-term(229.1629),8K(229.1629)		sp|P17096|HMGA1_HUMAN	P17096	HMGA1_HUMAN	HMGA1	High mobility group protein HMG-I/HMG-Y			K:229.1629@SSQPLASK(1);
STFSTNYR	n[229.1629]STFSTNYR	R	S	7	14	8	602.8116	2	1203.6097	0	0.9539	6.739E-4	1	1.8905064E8	MS/MS	N-term(229.1629)		sp|P05783|K1C18_HUMAN	P05783	K1C18_HUMAN	KRT18	Keratin, type I cytoskeletal 18			
STLEPVEK	n[229.1629]STLEPVEK[229.1629]	R	A	312	319	8	680.908	2	1359.8041	0	0.9809	0.003623	1	2.73806464E8	MS/MS	N-term(229.1629),8K(229.1629)		sp|P0DMV8|HS71A_HUMAN	P0DMV8	HS71A_HUMAN	HSPA1A	Heat shock 70 kDa protein 1A	HSPA1B, HSPA6, HSPA7	sp|P0DMV9|HS71B_HUMAN, sp|P17066|HSP76_HUMAN, sp|P48741|HSP77_HUMAN	K:229.1629@STLEPVEK(1);
STLINTLFK	n[229.1629]STLINTLFK[229.1629]	K	S	312	320	9	747.9684	2	1493.9261	0	0.9445	3.962E-5	1	7.0607472E7	MS/MS	N-term(229.1629),9K(229.1629)		sp|Q9UHD8|SEPT9_HUMAN	Q9UHD8	SEPT9_HUMAN	SEPTIN9	Septin-9			K:229.1629@STLINTLFK(1);
SYAEELAK	n[229.1629]SYAEELAK[229.1629]	K	H	65	72	8	684.8923	2	1367.7736	0	0.9568	9.143E-4	1	3.9330016E7	MS/MS	N-term(229.1629),8K(229.1629)		sp|Q53GQ0|DHB12_HUMAN	Q53GQ0	DHB12_HUMAN	HSD17B12	Very-long-chain 3-oxoacyl-CoA reductase			K:229.1629@SYAEELAK(1);
SYELPDGQVITIGNER	n[229.1629]SYELPDGQVITIGNER	K	F	239	254	16	1010.531	2	2019.0503	0	0.9995	1.448E-9	1	6.1049375E9	MS/MS	N-term(229.1629)		sp|P60709|ACTB_HUMAN	P60709	ACTB_HUMAN	ACTB	Actin, cytoplasmic 1	ACTA1, ACTA2, ACTBL2, ACTC1, ACTG1, ACTG2, POTEE, POTEF, POTEKP	sp|A5A3E0|POTEF_HUMAN, sp|P62736|ACTA_HUMAN, sp|P63261|ACTG_HUMAN, sp|P63267|ACTH_HUMAN, sp|P68032|ACTC_HUMAN, sp|P68133|ACTS_HUMAN, sp|Q562R1|ACTBL_HUMAN, sp|Q6S8J3|POTEE_HUMAN, sp|Q9BYX7|ACTBM_HUMAN	
SYELPDGQVITIGNER	n[229.1629]SYELPDGQVITIGNER	K	F	239	254	16	674.0231	3	2019.0522	0	0.9841	1.785E-6	1	3.9465352E7	MS/MS	N-term(229.1629)		sp|P60709|ACTB_HUMAN	P60709	ACTB_HUMAN	ACTB	Actin, cytoplasmic 1	ACTA1, ACTA2, ACTBL2, ACTC1, ACTG1, ACTG2, POTEE, POTEF, POTEKP	sp|A5A3E0|POTEF_HUMAN, sp|P62736|ACTA_HUMAN, sp|P63261|ACTG_HUMAN, sp|P63267|ACTH_HUMAN, sp|P68032|ACTC_HUMAN, sp|P68133|ACTS_HUMAN, sp|Q562R1|ACTBL_HUMAN, sp|Q6S8J3|POTEE_HUMAN, sp|Q9BYX7|ACTBM_HUMAN	
SYPGSQLDILIDQGK	n[229.1629]SYPGSQLDILIDQGK[229.1629]	K	D	210	224	15	698.0611	3	2091.167	0	0.9779	2.091E-5	1	3.9560844E7	MS/MS	N-term(229.1629),15K(229.1629)		sp|P10768|ESTD_HUMAN	P10768	ESTD_HUMAN	ESD	S-formylglutathione hydrolase			K:229.1629@SYPGSQLDILIDQGK(1);
TALLDAAGVASLLTTAEVVVTEIPK	n[229.1629]TALLDAAGVASLLTTAEVVVTEIPK[229.1629]	R	E	527	551	25	980.9139	3	2939.7195	0	0.9997	5.0E-14	1	1.19910392E8	MS/MS	N-term(229.1629),25K(229.1629)		sp|P10809|CH60_HUMAN	P10809	CH60_HUMAN	HSPD1	60 kDa heat shock protein, mitochondrial			K:229.1629@TALLDAAGVASLLTTAEVVVTEIPK(1);
TCLHYLGEFGEDQIYEAHQQGR	n[229.1629]TC[57.0215]LHYLGEFGEDQIYEAHQQGR	R	G	142	163	22	720.8448	4	2879.3604	0	0.9999	3.54E-12	1	2.1705264E8	MS/MS	N-term(229.1629),2C(57.0215)		sp|Q8WU39|MZB1_HUMAN	Q8WU39	MZB1_HUMAN	MZB1	Marginal zone B- and B1-cell-specific protein			C:57.0215@TC(1)LHYLGEFGEDQIYEAHQQGR;
TDDEVVQR	n[229.1629]TDDEVVQR	R	E	44	51	8	595.8143	2	1189.6172	0	0.9359	0.005417	1	9.9861299E8	MS/MS	N-term(229.1629)		sp|P14625|ENPL_HUMAN	P14625	ENPL_HUMAN	HSP90B1	Endoplasmin			
TFESLVDFSK	n[229.1629]TFESLVDFSK[229.1629]	K	A	193	202	10	815.9582	2	1629.902	0	0.9814	2.653E-6	1	1.09407448E8	MS/MS	N-term(229.1629),10K(229.1629)		sp|Q16836|HCDH_HUMAN	Q16836	HCDH_HUMAN	HADH	Hydroxyacyl-coenzyme A dehydrogenase, mitochondrial			K:229.1629@TFESLVDFSK(1);
TFVNITPAEVGVLVGK	n[229.1629]TFVNITPAEVGVLVGK[229.1629]	K	D	39	54	16	1051.6348	2	2101.2593	0	0.6096	6.859E-4	1	1.8991876E7	MS/MS	N-term(229.1629),16K(229.1629)		sp|P07737|PROF1_HUMAN	P07737	PROF1_HUMAN	PFN1	Profilin-1			K:229.1629@TFVNITPAEVGVLVGK(1);
TFVNITPAEVGVLVGK	n[229.1629]TFVNITPAEVGVLVGK[229.1629]	K	D	39	54	16	701.4256	3	2101.2593	0	0.9974	4.277E-11	1	7.3950675E8	MS/MS	N-term(229.1629),16K(229.1629)		sp|P07737|PROF1_HUMAN	P07737	PROF1_HUMAN	PFN1	Profilin-1			K:229.1629@TFVNITPAEVGVLVGK(1);
TGEAIVDAALSALR	n[229.1629]TGEAIVDAALSALR	R	Q	119	132	14	539.312	3	1614.9158	0	0.9829	8.778E-6	1	2.53375568E8	MS/MS	N-term(229.1629)		sp|Q15084|PDIA6_HUMAN	Q15084	PDIA6_HUMAN	PDIA6	Protein disulfide-isomerase A6			
TGISDVFAK	n[229.1629]TGISDVFAK[229.1629]	K	N	325	333	9	698.416	2	1394.8203	0	0.9709	8.129E-6	1	2.46187059E9	MS/MS	N-term(229.1629),9K(229.1629)		sp|P19338|NUCL_HUMAN	P19338	NUCL_HUMAN	NCL	Nucleolin			K:229.1629@TGISDVFAK(1);
TGLIIGK	n[229.1629]TGLIIGK[229.1629]	K	G	388	394	7	580.3944	2	1158.7755	0	0.7122	0.0177	1	2.06611824E8	MS/MS	N-term(229.1629),7K(229.1629)		sp|Q96AE4|FUBP1_HUMAN	Q96AE4	FUBP1_HUMAN	FUBP1	Far upstream element-binding protein 1			K:229.1629@TGLIIGK(1);
TGYSFVNCK	n[229.1629]TGYSFVNC[57.0215]K[229.1629]	K	K	57	65	9	767.4104	2	1532.8146	0	0.9125	0.002218	1	2.1703218E7	MS/MS	N-term(229.1629),8C(57.0215),9K(229.1629)		sp|P43897|EFTS_HUMAN	P43897	EFTS_HUMAN	TSFM	Elongation factor Ts, mitochondrial			C:57.0215@TGYSFVNC(1)K;K:229.1629@TGYSFVNCK(1);
THSDQFLVAFK	n[229.1629]THSDQFLVAFK[229.1629]	R	E	144	154	11	584.3346	3	1749.9851	0	0.9148	2.902E-5	1	1.52961392E8	MS/MS	N-term(229.1629),11K(229.1629)		sp|P36542|ATPG_HUMAN	P36542	ATPG_HUMAN	ATP5F1C	ATP synthase subunit gamma, mitochondrial			K:229.1629@THSDQFLVAFK(1);
TIGGGDDSFNTFFSETGAGK	n[229.1629]TIGGGDDSFNTFFSETGAGK[229.1629]	K	H	41	60	20	1233.613	2	2465.213	0	0.9893	6.571E-7	1	4.47505728E8	MS/MS	N-term(229.1629),20K(229.1629)		sp|P0DPH7|TBA3C_HUMAN	P0DPH7	TBA3C_HUMAN	TUBA3C	Tubulin alpha-3C chain	TUBA1A, TUBA1B, TUBA1C, TUBA3D, TUBA3E	sp|P0DPH8|TBA3D_HUMAN, sp|P68363|TBA1B_HUMAN, sp|Q6PEY2|TBA3E_HUMAN, sp|Q71U36|TBA1A_HUMAN, sp|Q9BQE3|TBA1C_HUMAN	K:229.1629@TIGGGDDSFNTFFSETGAGK(1);
TIGGGDDSFNTFFSETGAGK	n[229.1629]TIGGGDDSFNTFFSETGAGK[229.1629]	K	H	41	60	20	822.7444	3	2465.2163	0	0.9997	4.515E-10	1	3.8061824E9	MS/MS	N-term(229.1629),20K(229.1629)		sp|P0DPH7|TBA3C_HUMAN	P0DPH7	TBA3C_HUMAN	TUBA3C	Tubulin alpha-3C chain	TUBA1A, TUBA1B, TUBA1C, TUBA3D, TUBA3E	sp|P0DPH8|TBA3D_HUMAN, sp|P68363|TBA1B_HUMAN, sp|Q6PEY2|TBA3E_HUMAN, sp|Q71U36|TBA1A_HUMAN, sp|Q9BQE3|TBA1C_HUMAN	K:229.1629@TIGGGDDSFNTFFSETGAGK(1);
TIGTGLVTNTLAMTEEEK	n[229.1629]TIGTGLVTNTLAMTEEEK[229.1629]	R	N	433	450	18	789.4344	3	2365.2866	0	0.9991	4.753E-8	1	1.61194432E8	MS/MS	N-term(229.1629),18K(229.1629)		sp|P49411|EFTU_HUMAN	P49411	EFTU_HUMAN	TUFM	Elongation factor Tu, mitochondrial			K:229.1629@TIGTGLVTNTLAMTEEEK(1);
TIIQNPTDQQK	n[229.1629]TIIQNPTDQQK[229.1629]	K	K	200	210	11	582.005	3	1742.9958	0	0.9329	0.002782	1	1.15463152E8	MS/MS	N-term(229.1629),11K(229.1629)		sp|Q9UQ80|PA2G4_HUMAN	Q9UQ80	PA2G4_HUMAN	PA2G4	Proliferation-associated protein 2G4			K:229.1629@TIIQNPTDQQK(1);
TILMMGR	n[229.1629]TILMMGR	R	Y	450	456	7	525.8037	2	1049.5958	0	0.863	0.00315	1	4.9175104E7	MS/MS	N-term(229.1629)		sp|P13639|EF2_HUMAN	P13639	EF2_HUMAN	EEF2	Elongation factor 2			
TIVFVETK	n[229.1629]TIVFVETK[229.1629]	K	R	344	351	8	697.9366	2	1393.8613	0	0.927	0.007869	1	2.29052112E8	MS/MS	N-term(229.1629),8K(229.1629)		sp|P17844|DDX5_HUMAN	P17844	DDX5_HUMAN	DDX5	Probable ATP-dependent RNA helicase DDX5			K:229.1629@TIVFVETK(1);
TLDSVAK	n[229.1629]TLDSVAK[229.1629]	K	E	91	97	7	596.371	2	1190.7305	0	0.7922	0.06657	1	7.5390688E8	MS/MS	N-term(229.1629),7K(229.1629)		sp|P02545|LMNA_HUMAN	P02545	LMNA_HUMAN	LMNA	Prelamin-A/C			K:229.1629@TLDSVAK(1);
TLNDELEIIEGMK	n[229.1629]TLNDELEIIEGMK[229.1629]	K	F	206	218	13	655.0323	3	1962.0798	0	0.981	4.35E-6	1	2.93124416E8	MS/MS	N-term(229.1629),13K(229.1629)		sp|P10809|CH60_HUMAN	P10809	CH60_HUMAN	HSPD1	60 kDa heat shock protein, mitochondrial			K:229.1629@TLNDELEIIEGMK(1);
TPGPGAQSALR	n[229.1629]TPGPGAQSALR	K	A	107	117	11	642.3671	2	1282.7229	0	0.9095	0.00115	1	7.4210768E7	MS/MS	N-term(229.1629)		sp|P62263|RS14_HUMAN	P62263	RS14_HUMAN	RPS14	Small ribosomal subunit protein uS11			
TSATVGPK	n[229.1629]TSATVGPK[229.1629]	K	A	121	128	8	609.8765	2	1217.7401	0	0.8747	0.003463	1	7.1009549E8	MS/MS	N-term(229.1629),8K(229.1629)		sp|P16104|H2AX_HUMAN	P16104	H2AX_HUMAN	H2AX	Histone H2AX			K:229.1629@TSATVGPK(1);
TSIDAYDNFDNISLAQR	n[229.1629]TSIDAYDNFDNISLAQR	R	L	1482	1498	17	724.6971	3	2171.0725	0	0.9996	4.171E-10	1	1.34380784E8	MS/MS	N-term(229.1629)		sp|Q00610|CLH1_HUMAN	Q00610	CLH1_HUMAN	CLTC	Clathrin heavy chain 1			
TSIEDQDELSSLLQVPLVAGTVNR	n[229.1629]TSIEDQDELSSLLQVPLVAGTVNR	K	G	165	188	24	938.5079	3	2812.5159	0	0.9993	6.72E-10	1	5.6139492E7	MS/MS	N-term(229.1629)		sp|P56537|IF6_HUMAN	P56537	IF6_HUMAN	EIF6	Eukaryotic translation initiation factor 6			
TTGIVMDSGDGVTHTVPIYEGYALPHAILR	n[229.1629]TTGIVM[15.9949]DSGDGVTHTVPIYEGYALPHAILR	R	L	148	177	30	857.9485	4	3428.7764	0	0.9999	5.483E-11	1	3.3079026E7	MS/MS	N-term(229.1629),6M(15.9949)		sp|P60709|ACTB_HUMAN	P60709	ACTB_HUMAN	ACTB	Actin, cytoplasmic 1	ACTG1	sp|P63261|ACTG_HUMAN	M:15.9949@TTGIVM(1)DSGDGVTHTVPIYEGYALPHAILR;
TTPSYVAFTDTER	n[229.1629]TTPSYVAFTDTER	R	L	37	49	13	572.9595	3	1715.8608	0	0.9576	1.213E-5	1	4.37656288E8	MS/MS	N-term(229.1629)		sp|P0DMV8|HS71A_HUMAN	P0DMV8	HS71A_HUMAN	HSPA1A	Heat shock 70 kDa protein 1A	HSPA1B, HSPA1L, HSPA2, HSPA6, HSPA7, HSPA8	sp|P0DMV9|HS71B_HUMAN, sp|P11142|HSP7C_HUMAN, sp|P17066|HSP76_HUMAN, sp|P34931|HS71L_HUMAN, sp|P48741|HSP77_HUMAN, sp|P54652|HSP72_HUMAN	
TVAQQHDEDGIEEEDDDDDEIDDDDTISDWNLR	n[229.1629]TVAQQHDEDGIEEEDDDDDEIDDDDTISDWNLR	R	K	352	384	33	1364.5739	3	4090.7095	0	1.0	2.2E-12	1	3.8322464E8	MS/MS	N-term(229.1629)		sp|Q92973|TNPO1_HUMAN	Q92973	TNPO1_HUMAN	TNPO1	Transportin-1			
TVAQQHDEDGIEEEDDDDDEIDDDDTISDWNLR	n[229.1629]TVAQQHDEDGIEEEDDDDDEIDDDDTISDWNLR	R	K	352	384	33	1023.6822	4	4090.7114	0	1.0	1.78E-12	1	6.6679283E8	MS/MS	N-term(229.1629)		sp|Q92973|TNPO1_HUMAN	Q92973	TNPO1_HUMAN	TNPO1	Transportin-1			
TVLDLAVVLFETATLR	n[229.1629]TVLDLAVVLFETATLR	K	S	709	724	16	664.0644	3	1989.1743	0	0.9149	3.73E-6	1	668415.44	MS/MS	N-term(229.1629)		sp|P14625|ENPL_HUMAN	P14625	ENPL_HUMAN	HSP90B1	Endoplasmin			
TYSLGSALRPSTSR	n[229.1629]TYSLGSALRPSTSR	R	S	37	50	14	575.6546	3	1723.945	0	0.9936	2.276E-6	1	1.56636851E9	MS/MS	N-term(229.1629)		sp|P08670|VIME_HUMAN	P08670	VIME_HUMAN	VIM	Vimentin			
VADNLAIQLAAVTEDK	n[229.1629]VADNLAIQLAAVTEDK[229.1629]	K	Y	128	143	16	710.4121	3	2128.2192	0	0.9969	3.64E-8	1	2.96949248E8	MS/MS	N-term(229.1629),16K(229.1629)		sp|Q12906|ILF3_HUMAN	Q12906	ILF3_HUMAN	ILF3	Interleukin enhancer-binding factor 3			K:229.1629@VADNLAIQLAAVTEDK(1);
VCNFLASQVPFPSR	n[229.1629]VC[57.0215]NFLASQVPFPSR	K	L	213	226	14	617.6643	3	1849.9749	0	0.9883	1.217E-7	2	2.40761792E8	MS/MS	N-term(229.1629),2C(57.0215)		sp|Q99714|HCD2_HUMAN	Q99714	HCD2_HUMAN	HSD17B10	3-hydroxyacyl-CoA dehydrogenase type-2			C:57.0215@VC(1)NFLASQVPFPSR;
VDCTANTNTCNK	n[229.1629]VDC[57.0215]TANTNTC[57.0215]NK[229.1629]	K	Y	83	94	12	619.3063	3	1854.907	0	0.9693	3.79E-4	1	6.3640435E8	MS/MS	N-term(229.1629),10C(57.0215),12K(229.1629),3C(57.0215)		sp|P30101|PDIA3_HUMAN	P30101	PDIA3_HUMAN	PDIA3	Protein disulfide-isomerase A3			C:57.0215@VDC(1)TANTNTC(1)NK;K:229.1629@VDCTANTNTCNK(1);
VDFNVPMK	n[229.1629]VDFNVPMK[229.1629]	R	N	23	30	8	704.4071	2	1406.8027	0	0.8527	0.0209	1	1.82024608E8	MS/MS	N-term(229.1629),8K(229.1629)		sp|P00558|PGK1_HUMAN	P00558	PGK1_HUMAN	PGK1	Phosphoglycerate kinase 1	PGK2	sp|P07205|PGK2_HUMAN	K:229.1629@VDFNVPMK(1);
VDFSITK	n[229.1629]VDFSITK[229.1629]	R	R	191	197	7	634.3867	2	1266.7622	0	0.7051	0.005616	1	2.1849472E8	MS/MS	N-term(229.1629),7K(229.1629)		sp|P62995|TRA2B_HUMAN	P62995	TRA2B_HUMAN	TRA2B	Transformer-2 protein homolog beta			K:229.1629@VDFSITK(1);
VDQIQEIVTGNPTVIK	n[229.1629]VDQIQEIVTGNPTVIK[229.1629]	K	M	1038	1053	16	738.1032	3	2211.293	0	0.979	3.004E-6	2	6.7512872E7	MS/MS	N-term(229.1629),16K(229.1629)		sp|P46940|IQGA1_HUMAN	P46940	IQGA1_HUMAN	IQGAP1	Ras GTPase-activating-like protein IQGAP1			K:229.1629@VDQIQEIVTGNPTVIK(1);
VESLQEEIAFLK	n[229.1629]VESLQEEIAFLK[229.1629]	K	K	224	235	12	622.0325	3	1863.0801	0	0.9924	7.954E-6	1	6.5225018E8	MS/MS	N-term(229.1629),12K(229.1629)		sp|P08670|VIME_HUMAN	P08670	VIME_HUMAN	VIM	Vimentin			K:229.1629@VESLQEEIAFLK(1);
VESLQEEIAFLKK	n[229.1629]VESLQEEIAFLK[229.1629]K[229.1629]	K	L	224	236	13	741.1185	3	2220.3394	0	0.9987	2.611E-9	1	2.12328864E8	MS/MS	N-term(229.1629),12K(229.1629),13K(229.1629)		sp|P08670|VIME_HUMAN	P08670	VIME_HUMAN	VIM	Vimentin			K:229.1629@VESLQEEIAFLK(1)K(1);
VETPVSYVGEDDEEDDDFNENDEDD	n[229.1629]VETPVSYVGEDDEEDDDFNENDEDD	R	-	386	410	25	1040.7477	3	3119.224	0	0.8433	3.317E-5	1	1.17618893E9	MS/MS	N-term(229.1629)		sp|Q14186|TFDP1_HUMAN	Q14186	TFDP1_HUMAN	TFDP1	Transcription factor Dp-1			
VFDPVPVGVTK	n[229.1629]VFDPVPVGVTK[229.1629]	K	V	698	708	11	808.4948	2	1614.987	0	0.9514	2.312E-6	1	2.3231246E7	MS/MS	N-term(229.1629),11K(229.1629)		sp|Q08211|DHX9_HUMAN	Q08211	DHX9_HUMAN	DHX9	ATP-dependent RNA helicase A			K:229.1629@VFDPVPVGVTK(1);
VFESIGK	n[229.1629]VFESIGK[229.1629]	K	F	5	11	7	619.3814	2	1236.751	0	0.8394	0.03343	1	2.6380456E8	MS/MS	N-term(229.1629),7K(229.1629)		sp|P35232|PHB1_HUMAN	P35232	PHB1_HUMAN	PHB1	Prohibitin 1			K:229.1629@VFESIGK(1);
VFVGGLSPDTSEEQIK	n[229.1629]VFVGGLSPDTSEEQIK[229.1629]	K	E	235	250	16	722.0682	3	2163.185	0	0.9996	4.376E-7	2	1.1811992E8	MS/MS	N-term(229.1629),16K(229.1629)		sp|O14979|HNRDL_HUMAN	O14979	HNRDL_HUMAN	HNRNPDL	Heterogeneous nuclear ribonucleoprotein D-like			K:229.1629@VFVGGLSPDTSEEQIK(1);
VGAVDADK	n[229.1629]VGAVDADK[229.1629]	K	H	78	85	8	616.8662	2	1231.7202	0	0.9559	0.00971	1	4.7157536E8	MS/MS	N-term(229.1629),8K(229.1629)		sp|Q15084|PDIA6_HUMAN	Q15084	PDIA6_HUMAN	PDIA6	Protein disulfide-isomerase A6			K:229.1629@VGAVDADK(1);
VGSAAQTR	n[229.1629]VGSAAQTR	R	A	417	424	8	509.7958	2	1017.5795	0	0.8681	0.01457	1	8.3637664E8	MS/MS	N-term(229.1629)		sp|P25705|ATPA_HUMAN	P25705	ATPA_HUMAN	ATP5F1A	ATP synthase subunit alpha, mitochondrial			
VIADNVK	n[229.1629]VIADNVK[229.1629]	K	D	150	156	7	608.8869	2	1215.762	0	0.9137	0.02462	1	6.5913139E8	MS/MS	N-term(229.1629),7K(229.1629)		sp|P60174|TPIS_HUMAN	P60174	TPIS_HUMAN	TPI1	Triosephosphate isomerase			K:229.1629@VIADNVK(1);
VLQALEGLK	n[229.1629]VLQALEGLK[229.1629]	R	M	103	111	9	714.9631	2	1427.9158	0	0.9712	1.12E-4	1	7.646535E8	MS/MS	N-term(229.1629),9K(229.1629)		sp|P39019|RS19_HUMAN	P39019	RS19_HUMAN	RPS19	Small ribosomal subunit protein eS19			K:229.1629@VLQALEGLK(1);
VLVDQTTGLSR	n[229.1629]VLVDQTTGLSR	R	G	137	147	11	709.4142	2	1416.816	0	0.9984	6.606E-7	1	2.28376208E8	MS/MS	N-term(229.1629)		sp|Q15717|ELAV1_HUMAN	Q15717	ELAV1_HUMAN	ELAVL1	ELAV-like protein 1			
VQQTVQDLFGR	n[229.1629]VQQTVQDLFGR	K	A	395	405	11	760.4251	2	1518.8402	0	0.9985	1.059E-7	1	1.05708992E9	MS/MS	N-term(229.1629)		sp|P38646|GRP75_HUMAN	P38646	GRP75_HUMAN	HSPA9	Stress-70 protein, mitochondrial			
VSASPLLYTLIEK	n[229.1629]VSASPLLYTLIEK[229.1629]	K	T	496	508	13	631.3885	3	1891.1467	0	0.7597	5.607E-4	1	1.05048912E8	MS/MS	N-term(229.1629),13K(229.1629)		sp|P02786|TFR1_HUMAN	P02786	TFR1_HUMAN	TFRC	Transferrin receptor protein 1			K:229.1629@VSASPLLYTLIEK(1);
VSTSGPR	n[229.1629]VSTSGPR	K	A	12	18	7	466.7718	2	931.5306	0	0.6911	0.01203	1	1.52857334E10	MS/MS	N-term(229.1629)		sp|P05787|K2C8_HUMAN	P05787	K2C8_HUMAN	KRT8	Keratin, type II cytoskeletal 8			
VTGTLETK	n[229.1629]VTGTLETK[229.1629]	K	Y	65	72	8	653.9027	2	1305.7935	0	0.8317	0.003293	1	5.6555846E8	MS/MS	N-term(229.1629),8K(229.1629)		sp|P45880|VDAC2_HUMAN	P45880	VDAC2_HUMAN	VDAC2	Non-selective voltage-gated ion channel VDAC2			K:229.1629@VTGTLETK(1);
VTIAQGGVLPNIQAVLLPK	n[229.1629]VTIAQGGVLPNIQAVLLPK[229.1629]	R	K	101	119	19	797.1697	3	2388.493	0	0.9991	1.258E-7	1	3.13455565E9	MS/MS	N-term(229.1629),19K(229.1629)		sp|P04908|H2A1B_HUMAN	P04908	H2A1B_HUMAN	H2AC4	Histone H2A type 1-B/E	H2AC11, H2AC12, H2AC14, H2AC18, H2AC20, H2AC25, H2AC6, H2AC7, H2AJ	sp|P0C0S8|H2A1_HUMAN, sp|P20671|H2A1D_HUMAN, sp|Q16777|H2A2C_HUMAN, sp|Q6FI13|H2A2A_HUMAN, sp|Q7L7L0|H2A3_HUMAN, sp|Q93077|H2A1C_HUMAN, sp|Q96KK5|H2A1H_HUMAN, sp|Q99878|H2A1J_HUMAN, sp|Q9BTM1|H2AJ_HUMAN	K:229.1629@VTIAQGGVLPNIQAVLLPK(1);
VTILCDK	n[229.1629]VTILC[57.0215]DK[229.1629]	R	F	176	182	7	653.8938	2	1305.7762	0	0.8628	0.006209	1	1.8220504E8	MS/MS	N-term(229.1629),5C(57.0215),7K(229.1629)		sp|A6NDY0|EPAB2_HUMAN	A6NDY0	EPAB2_HUMAN	PABPN1L	Embryonic polyadenylate-binding protein 2	PABPN1	sp|Q86U42|PABP2_HUMAN	C:57.0215@VTILC(1)DK;K:229.1629@VTILCDK(1);
VTLATLK	n[229.1629]VTLATLK[229.1629]	K	M	74	80	7	602.4074	2	1202.8029	0	0.9195	0.02983	1	5.9916831E9	MS/MS	N-term(229.1629),7K(229.1629)		sp|P06748|NPM_HUMAN	P06748	NPM_HUMAN	NPM1	Nucleophosmin			K:229.1629@VTLATLK(1);
VTNLLMLK	n[229.1629]VTNLLMLK[229.1629]	K	G	85	92	8	695.4488	2	1388.8856	0	0.9791	0.001804	1	6.9935552E7	MS/MS	N-term(229.1629),8K(229.1629)		sp|O95758|PTBP3_HUMAN	O95758	PTBP3_HUMAN	PTBP3	Polypyrimidine tract-binding protein 3	PTBP1	sp|P26599|PTBP1_HUMAN	K:229.1629@VTNLLMLK(1);
VTQNLPMK	n[229.1629]VTQNLPMK[229.1629]	K	E	298	305	8	694.9204	2	1387.8291	0	0.9508	0.006504	1	1.0206256E8	MS/MS	N-term(229.1629),8K(229.1629)		sp|Q1KMD3|HNRL2_HUMAN	Q1KMD3	HNRL2_HUMAN	HNRNPUL2	Heterogeneous nuclear ribonucleoprotein U-like protein 2			K:229.1629@VTQNLPMK(1);
VVDALGNAIDGK	n[229.1629]VVDALGNAIDGK[229.1629]	R	G	150	161	12	815.4824	2	1628.9537	0	0.9999	1.857E-7	1	1.14561254E9	MS/MS	N-term(229.1629),12K(229.1629)		sp|P25705|ATPA_HUMAN	P25705	ATPA_HUMAN	ATP5F1A	ATP synthase subunit alpha, mitochondrial			K:229.1629@VVDALGNAIDGK(1);
VVDLLAPYAK	n[229.1629]VVDLLAPYAK[229.1629]	K	G	189	198	10	773.9841	2	1545.9573	0	0.9912	4.681E-5	1	1.72906163E9	MS/MS	N-term(229.1629),10K(229.1629)		sp|P06576|ATPB_HUMAN	P06576	ATPB_HUMAN	ATP5F1B	ATP synthase subunit beta, mitochondrial			K:229.1629@VVDLLAPYAK(1);
WEGEDEDEDVKDNWDDDDDEK	n[229.1629]WEGEDEDEDVK[229.1629]DNWDDDDDEK[229.1629]	R	K	39	59	21	822.1163	4	3285.4192	0	0.7495	0.00142	1	1.741662E7	MS/MS	N-term(229.1629),11K(229.1629),21K(229.1629)		sp|O75822|EIF3J_HUMAN	O75822	EIF3J_HUMAN	EIF3J	Eukaryotic translation initiation factor 3 subunit J			K:229.1629@WEGEDEDEDVK(1)DNWDDDDDEK(1);
WGTLTDCVVMR	n[229.1629]WGTLTDC[57.0215]VVMR	K	D	58	68	11	783.9021	2	1565.7921	0	0.994	3.314E-8	2	5.19074496E8	MS/MS	N-term(229.1629),7C(57.0215)		sp|P51991|ROA3_HUMAN	P51991	ROA3_HUMAN	HNRNPA3	Heterogeneous nuclear ribonucleoprotein A3			C:57.0215@WGTLTDC(1)VVMR;
YAPTEAQLNAVDALIDSMSLAK	n[229.1629]YAPTEAQLNAVDALIDSMSLAK[229.1629]	K	K	444	465	22	927.1699	3	2778.496	0	0.9926	6.577E-9	1	3.5434448E7	MS/MS	N-term(229.1629),22K(229.1629)		sp|P13010|XRCC5_HUMAN	P13010	XRCC5_HUMAN	XRCC5	X-ray repair cross-complementing protein 5			K:229.1629@YAPTEAQLNAVDALIDSMSLAK(1);
YEEIDNAPEER	n[229.1629]YEEIDNAPEER	K	A	95	105	11	797.3833	2	1592.7549	0	0.9866	4.464E-6	1	3.7869216E8	MS/MS	N-term(229.1629)		sp|P49411|EFTU_HUMAN	P49411	EFTU_HUMAN	TUFM	Elongation factor Tu, mitochondrial			
YLMEEDEDAYKK	n[229.1629]YLMEEDEDAYK[229.1629]K[229.1629]	R	Q	210	221	12	741.0603	3	2220.1665	0	0.998	9.578E-10	1	2.9508286E7	MS/MS	N-term(229.1629),11K(229.1629),12K(229.1629)		sp|P46777|RL5_HUMAN	P46777	RL5_HUMAN	RPL5	Large ribosomal subunit protein uL18			K:229.1629@YLMEEDEDAYK(1)K(1);
