Peptide	Prev AA	Next AA	Start	End	Peptide Length	Charges	Probability	Spectral Count	Intensity	Match Type	Assigned Modifications	Observed Modifications	Protein	Protein ID	Entry Name	Gene	Protein Description	Mapped Genes	Mapped Proteins
AADESER	K	G	120	126	7	2	0.6929	1	1.63059024E8	MS/MS	N-term(229.1629)		sp|P06753|TPM3_HUMAN	P06753	TPM3_HUMAN	TPM3	Tropomyosin alpha-3 chain	TPM1, TPM2, TPM4	sp|P07951|TPM2_HUMAN, sp|P09493|TPM1_HUMAN, sp|P67936|TPM4_HUMAN
AAEEQGDDQDSEK	K	S	175	187	13	2	0.9957	1	1.4250744E8	MS/MS	13K(229.1629),N-term(229.1629)		sp|Q1KMD3|HNRL2_HUMAN	Q1KMD3	HNRL2_HUMAN	HNRNPUL2	Heterogeneous nuclear ribonucleoprotein U-like protein 2		
AAELIANSLATAGDGLIELR	K	K	220	239	20	3	0.9999	1	2.15497552E8	MS/MS	N-term(229.1629)		sp|P35232|PHB1_HUMAN	P35232	PHB1_HUMAN	PHB1	Prohibitin 1		
AATDAQDANQCCTSCEDNAPATSYCVECSEPLCETCVEAHQR	K	V	142	183	42	4	1.0	1	2.42499712E8	MS/MS	11C(57.0215),12C(57.0215),15C(57.0215),25C(57.0215),28C(57.0215),33C(57.0215),36C(57.0215),N-term(229.1629)		sp|Q13263|TIF1B_HUMAN	Q13263	TIF1B_HUMAN	TRIM28	Transcription intermediary factor 1-beta		
ADSSPVK	K	A	44	50	7	2	0.881	1	1.48976141E9	MS/MS	7K(229.1629),N-term(229.1629)		sp|P0DOY2|IGLC2_HUMAN	P0DOY2	IGLC2_HUMAN	IGLC2	Immunoglobulin lambda constant 2	IGLC3	sp|P0DOY3|IGLC3_HUMAN
ADVDISGPK	K	I	776	784	9	2	0.9902	1	2.71877184E8	MS/MS	9K(229.1629),N-term(229.1629)		sp|Q09666|AHNK_HUMAN	Q09666	AHNK_HUMAN	AHNAK	Neuroblast differentiation-associated protein AHNAK		
AEDEVQR	K	E	527	533	7	2	0.6726	1	2.65657216E8	MS/MS	N-term(229.1629)		sp|P0DMV8|HS71A_HUMAN	P0DMV8	HS71A_HUMAN	HSPA1A	Heat shock 70 kDa protein 1A	HSPA1B, HSPA1L	sp|P0DMV9|HS71B_HUMAN, sp|P34931|HS71L_HUMAN
AEEDEILNRSPR	K	N	574	585	12	3	0.9995	1	9.5795622E8	MS/MS	N-term(229.1629)		sp|P27824|CALX_HUMAN	P27824	CALX_HUMAN	CANX	Calnexin		
AEGSDVANAVLDGADCIMLSGETAK	R	G	343	367	25	3,4	1.0	2	1.58285133E9	MS/MS	16C(57.0215),18M(15.9949),25K(229.1629),N-term(229.1629)		sp|P14618|KPYM_HUMAN	P14618	KPYM_HUMAN	PKM	Pyruvate kinase PKM		
AELGTDLLSQLSLEDQK	K	R	779	795	17	3	0.9939	1	6.709864E7	MS/MS	17K(229.1629),N-term(229.1629)		sp|Q9UQE7|SMC3_HUMAN	Q9UQE7	SMC3_HUMAN	SMC3	Structural maintenance of chromosomes protein 3		
AFVDFLSDEIKEER	K	K	81	94	14	3	0.839	1	1.0149768E8	MS/MS	11K(229.1629),N-term(229.1629)		sp|Q07021|C1QBP_HUMAN	Q07021	C1QBP_HUMAN	C1QBP	Complement component 1 Q subcomponent-binding protein, mitochondrial		
AGGFLMK	K	K	185	191	7	2	0.7301	1	1.96671136E8	MS/MS	7K(229.1629),N-term(229.1629)		sp|P00558|PGK1_HUMAN	P00558	PGK1_HUMAN	PGK1	Phosphoglycerate kinase 1		
AGLQVYNK	K	C	56	63	8	2	0.9501	1	6.079224E7	MS/MS	8K(229.1629),N-term(229.1629)		sp|P13987|CD59_HUMAN	P13987	CD59_HUMAN	CD59	CD59 glycoprotein		
ALAPEYAK	K	A	58	65	8	2	0.965	1	1.22549171E9	MS/MS	8K(229.1629),N-term(229.1629)		sp|P07237|PDIA1_HUMAN	P07237	PDIA1_HUMAN	P4HB	Protein disulfide-isomerase		
ALDLFSDNAPPPELLEIINEDIAK	R	R	265	288	24	3	0.9917	1	2.2779372E7	MS/MS	24K(229.1629),N-term(229.1629)		sp|Q15084|PDIA6_HUMAN	Q15084	PDIA6_HUMAN	PDIA6	Protein disulfide-isomerase A6		
ALDLNLK	R	H	66	72	7	2	0.8607	1	9.601416E7	MS/MS	7K(229.1629),N-term(229.1629)		sp|P14927|QCR7_HUMAN	P14927	QCR7_HUMAN	UQCRB	Cytochrome b-c1 complex subunit 7		
ALTVPELTQQVFDAK	R	N	283	297	15	3	0.9754	1	7.8760493E8	MS/MS	15K(229.1629),N-term(229.1629)		sp|P07437|TBB5_HUMAN	P07437	TBB5_HUMAN	TUBB	Tubulin beta chain		
AMGIMNSFLNDIFER	K	I	59	73	15	2,3	0.699	2	9.3984848E7	MS/MS	2M(15.9949),N-term(229.1629)		sp|Q6DN03|H2B2C_HUMAN	Q6DN03	H2B2C_HUMAN	H2BC20P	Putative histone H2B type 2-C	H2BC19P	sp|Q6DRA6|H2B2D_HUMAN
AMGIMNSFVNDIFER	K	I	59	73	15	2,3	0.9999	10	3.46260838E9	MS/MS	2M(15.9949),5M(15.9949),N-term(229.1629)		sp|O60814|H2B1K_HUMAN	O60814	H2B1K_HUMAN	H2BC12	Histone H2B type 1-K	H2BC11, H2BC12L, H2BC13, H2BC14, H2BC15, H2BC17, H2BC18, H2BC21, H2BC26, H2BC3, H2BC4, H2BC5, H2BC9	sp|P06899|H2B1J_HUMAN, sp|P23527|H2B1O_HUMAN, sp|P33778|H2B1B_HUMAN, sp|P57053|H2BFS_HUMAN, sp|P58876|H2B1D_HUMAN, sp|P62807|H2B1C_HUMAN, sp|Q16778|H2B2E_HUMAN, sp|Q5QNW6|H2B2F_HUMAN, sp|Q8N257|H2B3B_HUMAN, sp|Q93079|H2B1H_HUMAN, sp|Q99877|H2B1N_HUMAN, sp|Q99879|H2B1M_HUMAN, sp|Q99880|H2B1L_HUMAN
AMQGLTGR	K	K	445	452	8	2	0.9278	1	8.2488904E7	MS/MS	N-term(229.1629)		sp|P26368|U2AF2_HUMAN	P26368	U2AF2_HUMAN	U2AF2	Splicing factor U2AF 65 kDa subunit		
ANACNSVIK	R	Q	468	476	9	2	0.9852	1	1.40015056E8	MS/MS	4C(57.0215),9K(229.1629),N-term(229.1629)		sp|P16615|AT2A2_HUMAN	P16615	AT2A2_HUMAN	ATP2A2	Sarcoplasmic/endoplasmic reticulum calcium ATPase 2		
ANCIDSTASAEAVFASEVK	K	K	266	284	19	3	0.9996	1	1.11031592E8	MS/MS	19K(229.1629),3C(57.0215),N-term(229.1629)		sp|P22087|FBRL_HUMAN	P22087	FBRL_HUMAN	FBL	rRNA 2'-O-methyltransferase fibrillarin		
ANNTFYGLSAGVFTK	R	D	421	435	15	3	0.9924	1	7.1125728E8	MS/MS	15K(229.1629),N-term(229.1629)		sp|P00352|AL1A1_HUMAN	P00352	AL1A1_HUMAN	ALDH1A1	Aldehyde dehydrogenase 1A1		
AQFAQPEILIGTIPGAGGTQR	K	L	158	178	21	3	0.9997	1	4.14106656E8	MS/MS	N-term(229.1629)		sp|P30084|ECHM_HUMAN	P30084	ECHM_HUMAN	ECHS1	Enoyl-CoA hydratase, mitochondrial		
ATLQEILPEVLK	K	A	191	202	12	3	0.8607	1	3.6645184E7	MS/MS	12K(229.1629),N-term(229.1629)		sp|Q9BQG0|MBB1A_HUMAN	Q9BQG0	MBB1A_HUMAN	MYBBP1A	Myb-binding protein 1A		
ATVNLLGEEK	K	K	177	186	10	2	0.9968	1	1.01162232E8	MS/MS	10K(229.1629),N-term(229.1629)		sp|Q00765|REEP5_HUMAN	Q00765	REEP5_HUMAN	REEP5	Receptor expression-enhancing protein 5		
AVDIPHMDIEALK	K	K	79	91	13	3	0.9661	1	1.01634824E8	MS/MS	13K(229.1629),N-term(229.1629)		sp|P62906|RL10A_HUMAN	P62906	RL10A_HUMAN	RPL10A	Large ribosomal subunit protein uL1		
AVLLGPPGAGK	R	G	18	28	11	3	0.816	1	4.8961704E7	MS/MS	11K(229.1629),N-term(229.1629)		sp|P54819|KAD2_HUMAN	P54819	KAD2_HUMAN	AK2	Adenylate kinase 2, mitochondrial		
AVVVCPK	K	D	603	609	7	2	0.8873	1	1.41150963E9	MS/MS	5C(57.0215),7K(229.1629),N-term(229.1629)		sp|Q00839|HNRPU_HUMAN	Q00839	HNRPU_HUMAN	HNRNPU	Heterogeneous nuclear ribonucleoprotein U		
CDLEDER	K	V	118	124	7	2	0.7609	1	1.4781776E8	MS/MS	1C(57.0215),N-term(229.1629)		sp|A6NIZ1|RP1BL_HUMAN	A6NIZ1	RP1BL_HUMAN	RAP1BL	Ras-related protein Rap-1b-like protein	RAB3D, RAP1A, RAP1B	sp|O95716|RAB3D_HUMAN, sp|P61224|RAP1B_HUMAN, sp|P62834|RAP1A_HUMAN
CELSSSVQTDINLPYLTMDSSGPK	K	H	317	340	24	3	0.9994	1	2.04131792E8	MS/MS	1C(57.0215),24K(229.1629),N-term(229.1629)		sp|P38646|GRP75_HUMAN	P38646	GRP75_HUMAN	HSPA9	Stress-70 protein, mitochondrial		
CTELNQAWSSLGK	K	R	1314	1326	13	3	0.9692	1	3.778856E7	MS/MS	13K(229.1629),1C(57.0215),N-term(229.1629)		sp|Q13813|SPTN1_HUMAN	Q13813	SPTN1_HUMAN	SPTAN1	Spectrin alpha chain, non-erythrocytic 1		
DDGLFSGDPNWFPK	R	K	140	153	14	3	0.8702	2	9.1305456E7	MS/MS	14K(229.1629),N-term(229.1629)		sp|P37802|TAGL2_HUMAN	P37802	TAGL2_HUMAN	TAGLN2	Transgelin-2		
DDTDDEIAK	K	Y	91	99	9	2	0.9846	1	1.59845069E9	MS/MS	9K(229.1629),N-term(229.1629)		sp|P27824|CALX_HUMAN	P27824	CALX_HUMAN	CANX	Calnexin		
DFTPVCTTELGR	R	A	42	53	12	2	0.9908	1	1.9466016E8	MS/MS	6C(57.0215),N-term(229.1629)		sp|P30041|PRDX6_HUMAN	P30041	PRDX6_HUMAN	PRDX6	Peroxiredoxin-6		
DGQVINETSQHHDDLE	R	-	451	466	16	3	0.9587	1	3.63674573E9	MS/MS	N-term(229.1629)		sp|P08670|VIME_HUMAN	P08670	VIME_HUMAN	VIM	Vimentin		
DIDDDLEGEVTEECGK	K	F	474	489	16	3	0.9947	1	4.55703744E8	MS/MS	14C(57.0215),16K(229.1629),N-term(229.1629)		sp|Q9UHX1|PUF60_HUMAN	Q9UHX1	PUF60_HUMAN	PUF60	Poly(U)-binding-splicing factor PUF60		
DIGAIAR	K	V	183	189	7	2	0.7553	1	1.84415024E8	MS/MS	N-term(229.1629)		sp|Q9BPU6|DPYL5_HUMAN	Q9BPU6	DPYL5_HUMAN	DPYSL5	Dihydropyrimidinase-related protein 5		
DLSTIEPLKK	K	L	102	111	10	3	0.8894	1	1.70666784E8	MS/MS	10K(229.1629),9K(229.1629),N-term(229.1629)		sp|P39687|AN32A_HUMAN	P39687	AN32A_HUMAN	ANP32A	Acidic leucine-rich nuclear phosphoprotein 32 family member A	ANP32D	sp|O95626|AN32D_HUMAN
DLYANTVLSGGTTMYPGIADR	K	M	292	312	21	3	0.9955	1	2.777696E8	MS/MS	14M(15.9949),N-term(229.1629)		sp|P60709|ACTB_HUMAN	P60709	ACTB_HUMAN	ACTB	Actin, cytoplasmic 1	ACTG1	sp|P63261|ACTG_HUMAN
DLYEDELVPLFEK	R	A	175	187	13	3	0.9649	1	3.12944896E8	MS/MS	13K(229.1629),N-term(229.1629)		sp|O43390|HNRPR_HUMAN	O43390	HNRPR_HUMAN	HNRNPR	Heterogeneous nuclear ribonucleoprotein R		
DNNLLGK	K	F	452	458	7	2	0.7792	1	4.57011584E8	MS/MS	7K(229.1629),N-term(229.1629)		sp|P11142|HSP7C_HUMAN	P11142	HSP7C_HUMAN	HSPA8	Heat shock cognate 71 kDa protein	HSPA2	sp|P54652|HSP72_HUMAN
DVQTALALAK	K	G	70	79	10	2	0.9891	1	2.35265648E8	MS/MS	10K(229.1629),N-term(229.1629)		sp|Q99714|HCD2_HUMAN	Q99714	HCD2_HUMAN	HSD17B10	3-hydroxyacyl-CoA dehydrogenase type-2		
EAILAIHK	R	E	585	592	8	3	0.808	1	1.06211272E8	MS/MS	8K(229.1629),N-term(229.1629)		sp|O43707|ACTN4_HUMAN	O43707	ACTN4_HUMAN	ACTN4	Alpha-actinin-4		
EEGETADTVGCCSLR	K	V	494	508	15	3	0.9324	1	2.0254104E7	MS/MS	11C(57.0215),12C(57.0215),N-term(229.1629)		sp|P11387|TOP1_HUMAN	P11387	TOP1_HUMAN	TOP1	DNA topoisomerase 1		
EELEALFLPYDLK	R	R	811	823	13	3	0.7198	1	9012445.0	MS/MS	13K(229.1629),N-term(229.1629)		sp|Q9H0A0|NAT10_HUMAN	Q9H0A0	NAT10_HUMAN	NAT10	RNA cytidine acetyltransferase		
EESEESDEDMGFGLFD	K	-	302	317	16	2	0.9372	2	1.45553472E8	MS/MS	N-term(229.1629)		sp|P05388|RLA0_HUMAN	P05388	RLA0_HUMAN	RPLP0	Large ribosomal subunit protein uL10	RPLP0P6	sp|Q8NHW5|RLA0L_HUMAN
EFSGNPIK	K	V	358	365	8	2	0.9827	1	6.3545658E8	MS/MS	8K(229.1629),N-term(229.1629)		sp|P35637|FUS_HUMAN	P35637	FUS_HUMAN	FUS	RNA-binding protein FUS		
EIVDSYLPVILDIIK	K	G	108	122	15	3	0.986	1	1.6931076E7	MS/MS	15K(229.1629),N-term(229.1629)		sp|P07602|SAP_HUMAN	P07602	SAP_HUMAN	PSAP	Prosaposin		
ELEEIVQPIISK	K	L	622	633	12	3	0.8577	1	4.69037696E8	MS/MS	12K(229.1629),N-term(229.1629)		sp|P11021|BIP_HUMAN	P11021	BIP_HUMAN	HSPA5	Endoplasmic reticulum chaperone BiP		
ELIIGDR	R	Q	208	214	7	2	0.9214	1	1.27770253E9	MS/MS	N-term(229.1629)		sp|P25705|ATPA_HUMAN	P25705	ATPA_HUMAN	ATP5F1A	ATP synthase subunit alpha, mitochondrial		
EMLQQSK	R	I	401	407	7	2	0.8274	1	4.43621952E8	MS/MS	7K(229.1629),N-term(229.1629)		sp|P07900|HS90A_HUMAN	P07900	HS90A_HUMAN	HSP90AA1	Heat shock protein HSP 90-alpha	HSP90AB1, HSP90AB3P	sp|P08238|HS90B_HUMAN, sp|Q58FF7|H90B3_HUMAN
ENFQNWLK	R	D	50	57	8	2	0.9767	1	4.75419584E8	MS/MS	8K(229.1629),N-term(229.1629)		sp|P37802|TAGL2_HUMAN	P37802	TAGL2_HUMAN	TAGLN2	Transgelin-2		
EQAGGDATENFEDVGHSTDAR	R	E	53	73	21	3	0.9993	1	3.2563454E7	MS/MS	N-term(229.1629)		sp|P00167|CYB5_HUMAN	P00167	CYB5_HUMAN	CYB5A	Cytochrome b5		
ETGVDLTK	R	D	293	300	8	2	0.9795	1	5.3807251E8	MS/MS	8K(229.1629),N-term(229.1629)		sp|P38646|GRP75_HUMAN	P38646	GRP75_HUMAN	HSPA9	Stress-70 protein, mitochondrial		
ETVSEESNVLCLSK	R	S	581	594	14	3	0.885	1	9.3172038E8	MS/MS	11C(57.0215),14K(229.1629),N-term(229.1629)		sp|P13639|EF2_HUMAN	P13639	EF2_HUMAN	EEF2	Elongation factor 2		
EVSPMSAPNMPSIERDRR	K	R	734	751	18	3	0.8655	1	3.0919032E7	MS/MS	10M(15.9949),N-term(229.1629)		sp|Q15878|CAC1E_HUMAN	Q15878	CAC1E_HUMAN	CACNA1E	Voltage-dependent R-type calcium channel subunit alpha-1E		
EVSTYIK	K	K	173	179	7	2	0.7797	1	4.4901642E9	MS/MS	7K(229.1629),N-term(229.1629)		sp|P68104|EF1A1_HUMAN	P68104	EF1A1_HUMAN	EEF1A1	Elongation factor 1-alpha 1	EEF1A1P5	sp|Q5VTE0|EF1A3_HUMAN
FANYIDK	R	V	114	120	7	2	0.9109	1	1.82820864E9	MS/MS	7K(229.1629),N-term(229.1629)		sp|P08670|VIME_HUMAN	P08670	VIME_HUMAN	VIM	Vimentin		
FASFIDK	K	V	102	108	7	2	0.8392	1	6.6542856E7	MS/MS	7K(229.1629),N-term(229.1629)		sp|P05787|K2C8_HUMAN	P05787	K2C8_HUMAN	KRT8	Keratin, type II cytoskeletal 8	KRT2, KRT3, KRT4, KRT5, KRT6A, KRT6B, KRT6C, KRT7, KRT71, KRT72, KRT73, KRT74, KRT75, KRT76, KRT77, KRT79, KRT84	sp|O95678|K2C75_HUMAN, sp|P02538|K2C6A_HUMAN, sp|P04259|K2C6B_HUMAN, sp|P08729|K2C7_HUMAN, sp|P12035|K2C3_HUMAN, sp|P13647|K2C5_HUMAN, sp|P19013|K2C4_HUMAN, sp|P35908|K22E_HUMAN, sp|P48668|K2C6C_HUMAN, sp|Q01546|K22O_HUMAN, sp|Q14CN4|K2C72_HUMAN, sp|Q3SY84|K2C71_HUMAN, sp|Q5XKE5|K2C79_HUMAN, sp|Q7RTS7|K2C74_HUMAN, sp|Q7Z794|K2C1B_HUMAN, sp|Q86Y46|K2C73_HUMAN, sp|Q9NSB2|KRT84_HUMAN
FDGILGMAYPR	K	I	195	205	11	2	0.9917	1	8.1638224E7	MS/MS	N-term(229.1629)		sp|P07339|CATD_HUMAN	P07339	CATD_HUMAN	CTSD	Cathepsin D		
FEDEDSDDVPR	K	K	698	708	11	2	0.9996	1	1.5056362E7	MS/MS	N-term(229.1629)		sp|P49756|RBM25_HUMAN	P49756	RBM25_HUMAN	RBM25	RNA-binding protein 25		
FEEESKEPVADEEEEDSDDDVEPITEFR	K	F	86	113	28	3	1.0	1	2.2821476E7	MS/MS	6K(229.1629),N-term(229.1629)		sp|P54105|ICLN_HUMAN	P54105	ICLN_HUMAN	CLNS1A	Methylosome subunit pICln		
FGYVDFESAEDLEK	K	A	349	362	14	3	0.9475	1	2.694084E7	MS/MS	14K(229.1629),N-term(229.1629)		sp|P19338|NUCL_HUMAN	P19338	NUCL_HUMAN	NCL	Nucleolin		
FITIFGTR	K	S	194	201	8	2	0.7979	1	7.5035504E7	MS/MS	N-term(229.1629)		sp|P08758|ANXA5_HUMAN	P08758	ANXA5_HUMAN	ANXA5	Annexin A5		
FQDGDLTLYQSNTILR	K	H	56	71	16	2,3	0.9999	2	3.73236928E8	MS/MS	N-term(229.1629)		sp|P09211|GSTP1_HUMAN	P09211	GSTP1_HUMAN	GSTP1	Glutathione S-transferase P		
FSTPEQAAK	R	N	485	493	9	2	0.9062	1	1.0723913E9	MS/MS	9K(229.1629),N-term(229.1629)		sp|P14866|HNRPL_HUMAN	P14866	HNRPL_HUMAN	HNRNPL	Heterogeneous nuclear ribonucleoprotein L		
FSVSPVVR	K	V	499	506	8	2	0.6808	1	4.33549952E8	MS/MS	N-term(229.1629)		sp|P13639|EF2_HUMAN	P13639	EF2_HUMAN	EEF2	Elongation factor 2		
FWEVISDEHGIDPTGTYHGDSDLQLDR	K	I	20	46	27	4	0.9967	1	1.6345776E8	MS/MS	N-term(229.1629)		sp|P07437|TBB5_HUMAN	P07437	TBB5_HUMAN	TUBB	Tubulin beta chain		
FYEQFSK	K	N	437	443	7	2	0.6812	1	1.2283552E9	MS/MS	7K(229.1629),N-term(229.1629)		sp|P07900|HS90A_HUMAN	P07900	HS90A_HUMAN	HSP90AA1	Heat shock protein HSP 90-alpha		
GAMPPAPVPAGTPAPPGPATMMPDGTLGLTPPTTER	R	F	399	434	36	4	0.9993	1	1.1254568E8	MS/MS	N-term(229.1629)		sp|Q15233|NONO_HUMAN	Q15233	NONO_HUMAN	NONO	Non-POU domain-containing octamer-binding protein		
GAQAAIVVYDITNTDTFAR	R	A	93	111	19	3	0.9998	1	5.1983192E7	MS/MS	N-term(229.1629)		sp|P51148|RAB5C_HUMAN	P51148	RAB5C_HUMAN	RAB5C	Ras-related protein Rab-5C		
GDADQASNILASFGLSAR	R	D	103	120	18	3	1.0	1	2.56840576E8	MS/MS	N-term(229.1629)		sp|P43243|MATR3_HUMAN	P43243	MATR3_HUMAN	MATR3	Matrin-3		
GDDLQAIK	K	Q	177	184	8	2	0.9813	1	1.82905395E9	MS/MS	8K(229.1629),N-term(229.1629)		sp|B7ZW38|HNRC3_HUMAN	B7ZW38	HNRC3_HUMAN	HNRNPCL3	Heterogeneous nuclear ribonucleoprotein C-like 3	HNRNPC, HNRNPCL1, HNRNPCL2, HNRNPCL4	sp|B2RXH8|HNRC2_HUMAN, sp|O60812|HNRC1_HUMAN, sp|P07910|HNRPC_HUMAN, sp|P0DMR1|HNRC4_HUMAN
GENSWFSTQVDTVATK	R	V	314	329	16	3	0.9747	1	8.3704144E7	MS/MS	16K(229.1629),N-term(229.1629)		sp|P08195|4F2_HUMAN	P08195	4F2_HUMAN	SLC3A2	Amino acid transporter heavy chain SLC3A2		
GESENAGTNQETR	R	S	429	441	13	2	0.9996	1	5.6505272E7	MS/MS	N-term(229.1629)		sp|Q08170|SRSF4_HUMAN	Q08170	SRSF4_HUMAN	SRSF4	Serine/arginine-rich splicing factor 4		
GETDLIQK	K	A	869	876	8	2	0.9774	1	3.87120832E8	MS/MS	8K(229.1629),N-term(229.1629)		sp|P42704|LPPRC_HUMAN	P42704	LPPRC_HUMAN	LRPPRC	Leucine-rich PPR motif-containing protein, mitochondrial		
GFCFITFK	R	E	224	231	8	2	0.8481	1	6.2403789E8	MS/MS	3C(57.0215),8K(229.1629),N-term(229.1629)		sp|Q14103|HNRPD_HUMAN	Q14103	HNRPD_HUMAN	HNRNPD	Heterogeneous nuclear ribonucleoprotein D0		
GFGFVTYATVEEVDAAMNAR	R	P	56	75	20	3	0.9998	1	2.7897498E7	MS/MS	17M(15.9949),N-term(229.1629)		sp|A0A2R8Y4L2|RA1L3_HUMAN	A0A2R8Y4L2	RA1L3_HUMAN	HNRNPA1L3	Heterogeneous nuclear ribonucleoprotein A1-like 3	HNRNPA1	sp|P09651|ROA1_HUMAN
GGLGGGYGGASGMGGITAVTVNQSLLSPLVLEVDPNIQAVR	R	T	48	88	41	4	1.0	1	4.7387356E7	MS/MS	13M(15.9949),N-term(229.1629)		sp|P05787|K2C8_HUMAN	P05787	K2C8_HUMAN	KRT8	Keratin, type II cytoskeletal 8		
GGLGLSGAK	R	A	242	250	9	2	0.9879	1	9.0259432E7	MS/MS	9K(229.1629),N-term(229.1629)		sp|P22695|QCR2_HUMAN	P22695	QCR2_HUMAN	UQCRC2	Cytochrome b-c1 complex subunit 2, mitochondrial		
GGMGSGGLATGIAGGLAGMGGIQNEK	R	E	56	81	26	3,4	1.0	6	6.7619052E9	MS/MS	19M(15.9949),26K(229.1629),3M(15.9949),N-term(229.1629)		sp|P05783|K1C18_HUMAN	P05783	K1C18_HUMAN	KRT18	Keratin, type I cytoskeletal 18		
GGVVGIK	K	V	102	108	7	2	0.9134	1	4.79613536E8	MS/MS	7K(229.1629),N-term(229.1629)		contam_sp|P00883|ALDOA_RABIT	P00883	ALDOA_RABIT	ALDOA	Fructose-bisphosphate aldolase A		sp|P04075|ALDOA_HUMAN
GIVEFASK	K	P	414	421	8	2	0.9444	1	7.6424493E8	MS/MS	8K(229.1629),N-term(229.1629)		sp|P23246|SFPQ_HUMAN	P23246	SFPQ_HUMAN	SFPQ	Splicing factor, proline- and glutamine-rich		
GLAITFVSDENDAK	K	I	384	397	14	3	0.965	1	5412768.0	MS/MS	14K(229.1629),N-term(229.1629)		sp|O00148|DX39A_HUMAN	O00148	DX39A_HUMAN	DDX39A	ATP-dependent RNA helicase DDX39A	DDX39B	sp|Q13838|DX39B_HUMAN
GLSANLVRK	R	D	103	111	9	3	0.6901	1	8.6112026E8	MS/MS	9K(229.1629),N-term(229.1629)		sp|Q8TC59|PIWL2_HUMAN	Q8TC59	PIWL2_HUMAN	PIWIL2	Piwi-like protein 2		
GLSSLLCNFTK	K	S	226	236	11	2	0.9938	1	8.1691808E7	MS/MS	11K(229.1629),7C(57.0215),N-term(229.1629)		sp|P78527|PRKDC_HUMAN	P78527	PRKDC_HUMAN	PRKDC	DNA-dependent protein kinase catalytic subunit		
GMGGHGYGGAGDASSGFHGGHFVHMR	R	G	175	200	26	5,6	0.9999	3	8.636649E8	MS/MS	2M(15.9949),N-term(229.1629)		sp|P31942|HNRH3_HUMAN	P31942	HNRH3_HUMAN	HNRNPH3	Heterogeneous nuclear ribonucleoprotein H3		
GNVAGDSK	R	N	323	330	8	2	0.7666	1	1.78120224E8	MS/MS	8K(229.1629),N-term(229.1629)		sp|P68104|EF1A1_HUMAN	P68104	EF1A1_HUMAN	EEF1A1	Elongation factor 1-alpha 1	EEF1A1P5	sp|Q5VTE0|EF1A3_HUMAN
GRLSPVPVPR	R	A	132	141	10	3	0.9513	1	3.4196732E7	MS/MS	N-term(229.1629)		sp|Q9UKM9|RALY_HUMAN	Q9UKM9	RALY_HUMAN	RALY	RNA-binding protein Raly		
GTAYTFFTPGNLK	K	Q	516	528	13	3	0.9908	1	1.86901536E8	MS/MS	13K(229.1629),N-term(229.1629)		sp|Q92841|DDX17_HUMAN	Q92841	DDX17_HUMAN	DDX17	Probable ATP-dependent RNA helicase DDX17		
GTLDPVEK	R	A	312	319	8	2	0.9004	1	2.56360016E8	MS/MS	8K(229.1629),N-term(229.1629)		sp|P11142|HSP7C_HUMAN	P11142	HSP7C_HUMAN	HSPA8	Heat shock cognate 71 kDa protein		
GVMLAVDAVIAELK	R	K	143	156	14	3	0.9748	1	1.7662854E7	MS/MS	14K(229.1629),3M(15.9949),N-term(229.1629)		sp|P10809|CH60_HUMAN	P10809	CH60_HUMAN	HSPD1	60 kDa heat shock protein, mitochondrial		
GVVDSEDLPLNISR	R	E	387	400	14	2	0.9998	1	2.07060448E8	MS/MS	N-term(229.1629)		sp|P07900|HS90A_HUMAN	P07900	HS90A_HUMAN	HSP90AA1	Heat shock protein HSP 90-alpha	HSP90AB1	sp|P08238|HS90B_HUMAN
GYISPYFINTSK	R	G	222	233	12	3	0.9163	1	6.7688096E8	MS/MS	12K(229.1629),N-term(229.1629)		sp|P10809|CH60_HUMAN	P10809	CH60_HUMAN	HSPD1	60 kDa heat shock protein, mitochondrial		
HAVSEGTK	K	A	110	117	8	2	0.8337	1	3.29583718E9	MS/MS	8K(229.1629),N-term(229.1629)		sp|O60814|H2B1K_HUMAN	O60814	H2B1K_HUMAN	H2BC12	Histone H2B type 1-K	H2BC1, H2BC11, H2BC12L, H2BC13, H2BC14, H2BC15, H2BC17, H2BC18, H2BC21, H2BC26, H2BC3, H2BC4, H2BC5, H2BC9, H2BK1	sp|A0A2R8Y619|H2BK1_HUMAN, sp|P06899|H2B1J_HUMAN, sp|P23527|H2B1O_HUMAN, sp|P33778|H2B1B_HUMAN, sp|P57053|H2BFS_HUMAN, sp|P58876|H2B1D_HUMAN, sp|P62807|H2B1C_HUMAN, sp|Q16778|H2B2E_HUMAN, sp|Q5QNW6|H2B2F_HUMAN, sp|Q8N257|H2B3B_HUMAN, sp|Q93079|H2B1H_HUMAN, sp|Q96A08|H2B1A_HUMAN, sp|Q99877|H2B1N_HUMAN, sp|Q99879|H2B1M_HUMAN, sp|Q99880|H2B1L_HUMAN
HHSDGSVSLSGHLQPPPVTTEQHGAR	R	Y	354	379	26	6	0.9992	1	7.108584E7	MS/MS	N-term(229.1629)		sp|O15533|TPSN_HUMAN	O15533	TPSN_HUMAN	TAPBP	Tapasin		
HLTPVTLELGGK	K	S	203	214	12	3	0.9779	1	7.6071568E7	MS/MS	12K(229.1629),N-term(229.1629)		sp|P30838|AL3A1_HUMAN	P30838	AL3A1_HUMAN	ALDH3A1	Aldehyde dehydrogenase, dimeric NADP-preferring	ALDH3A2, ALDH3B1, ALDH3B2	sp|P43353|AL3B1_HUMAN, sp|P48448|AL3B2_HUMAN, sp|P51648|AL3A2_HUMAN
IATGSFLK	R	R	103	110	8	2	0.8993	1	1.83595504E8	MS/MS	8K(229.1629),N-term(229.1629)		sp|P22234|PUR6_HUMAN	P22234	PUR6_HUMAN	PAICS	Bifunctional phosphoribosylaminoimidazole carboxylase/phosphoribosylaminoimidazole succinocarboxamide synthetase		
IDISPSTFR	R	K	679	687	9	2	0.9792	1	1.75082192E8	MS/MS	N-term(229.1629)		sp|Q9Y2W1|TR150_HUMAN	Q9Y2W1	TR150_HUMAN	THRAP3	Thyroid hormone receptor-associated protein 3		
IEEVPELPLVVEDK	R	V	144	157	14	3	0.9962	1	9.268816E8	MS/MS	14K(229.1629),N-term(229.1629)		sp|P36578|RL4_HUMAN	P36578	RL4_HUMAN	RPL4	Large ribosomal subunit protein uL4		
IEWLESHQDADIEDFK	K	A	602	617	16	3	0.9975	1	5.3355776E8	MS/MS	16K(229.1629),N-term(229.1629)		sp|P11021|BIP_HUMAN	P11021	BIP_HUMAN	HSPA5	Endoplasmic reticulum chaperone BiP		
IFGVTTLDIVR	K	A	166	176	11	2	0.9944	1	1.44188646E9	MS/MS	N-term(229.1629)		sp|P40926|MDHM_HUMAN	P40926	MDHM_HUMAN	MDH2	Malate dehydrogenase, mitochondrial		
IGLETVGVK	K	I	450	458	9	2	0.9935	1	8.3276064E7	MS/MS	9K(229.1629),N-term(229.1629)		sp|Q16881|TRXR1_HUMAN	Q16881	TRXR1_HUMAN	TXNRD1	Thioredoxin reductase 1, cytoplasmic		
IIFEDDR	K	C	31	37	7	2	0.92	1	5.800578E7	MS/MS	N-term(229.1629)		sp|P49773|HINT1_HUMAN	P49773	HINT1_HUMAN	HINT1	Adenosine 5'-monophosphoramidase HINT1		
IITHPNFNGNTLDNDIMLIK	K	L	78	97	20	4	0.9996	1	1.77836544E8	MS/MS	20K(229.1629),N-term(229.1629)		contam_sp|P00761|TRYP_PIG	P00761	TRYP_PIG		Trypsin		
IITITGTQDQIQNAQYLLQNSVK	R	Q	434	456	23	3	1.0	2	1.62891213E9	MS/MS	23K(229.1629),N-term(229.1629)		sp|P61978|HNRPK_HUMAN	P61978	HNRPK_HUMAN	HNRNPK	Heterogeneous nuclear ribonucleoprotein K		
ILIATDVASR	R	G	301	310	10	2	0.998	1	6.972455E8	MS/MS	N-term(229.1629)		sp|Q9Y6V7|DDX49_HUMAN	Q9Y6V7	DDX49_HUMAN	DDX49	Probable ATP-dependent RNA helicase DDX49		
ILPTLEAVAALGNK	K	V	128	141	14	3	0.9807	1	1.84714064E8	MS/MS	14K(229.1629),N-term(229.1629)		sp|Q12905|ILF2_HUMAN	Q12905	ILF2_HUMAN	ILF2	Interleukin enhancer-binding factor 2		
IMEGPAFNFLDAPAVR	R	V	309	324	16	3	0.9947	1	6.229068E7	MS/MS	N-term(229.1629)		sp|P11177|ODPB_HUMAN	P11177	ODPB_HUMAN	PDHB	Pyruvate dehydrogenase E1 component subunit beta, mitochondrial		
INETDTFGPGDDDEIQFDDIGDDDEDIDDI	K	-	115	144	30	2,3,4	0.996	3	7.6632622E9	MS/MS	N-term(229.1629)		sp|O14602|IF1AY_HUMAN	O14602	IF1AY_HUMAN	EIF1AY	Eukaryotic translation initiation factor 1A, Y-chromosomal	EIF1AX	sp|P47813|IF1AX_HUMAN
IQEAGTEVVK	R	A	230	239	10	2	0.9889	1	1.27678771E9	MS/MS	10K(229.1629),N-term(229.1629)		sp|P40926|MDHM_HUMAN	P40926	MDHM_HUMAN	MDH2	Malate dehydrogenase, mitochondrial		
IQEIIEQLDVTTSEYEK	R	E	371	387	17	3	0.9844	1	5.8865344E8	MS/MS	17K(229.1629),N-term(229.1629)		sp|P10809|CH60_HUMAN	P10809	CH60_HUMAN	HSPD1	60 kDa heat shock protein, mitochondrial		
ISFDEFIK	R	I	69	76	8	2	0.9481	1	3.264243E7	MS/MS	8K(229.1629),N-term(229.1629)		sp|P13796|PLSL_HUMAN	P13796	PLSL_HUMAN	LCP1	Plastin-2		
ISSIQSIVPALEIANAHR	K	K	251	268	18	3	0.9993	1	1.97128912E8	MS/MS	N-term(229.1629)		sp|P10809|CH60_HUMAN	P10809	CH60_HUMAN	HSPD1	60 kDa heat shock protein, mitochondrial		
ITVTSEVPFSK	K	R	70	80	11	3	0.9027	1	1.40715472E8	MS/MS	11K(229.1629),N-term(229.1629)		sp|P35268|RL22_HUMAN	P35268	RL22_HUMAN	RPL22	Large ribosomal subunit protein eL22		
IVNLACK	K	Y	221	227	7	2	0.7534	1	5.3098932E7	MS/MS	6C(57.0215),7K(229.1629),N-term(229.1629)		sp|O00116|ADAS_HUMAN	O00116	ADAS_HUMAN	AGPS	Alkyldihydroxyacetonephosphate synthase, peroxisomal		
KEDSDEEEDDDSEEDEEDDEDEDEDEDEIEPAAMK	K	A	142	176	35	3,4	1.0	4	1.65613888E9	MS/MS	1K(229.1629),34M(15.9949),35K(229.1629),N-term(229.1629)		sp|P19338|NUCL_HUMAN	P19338	NUCL_HUMAN	NCL	Nucleolin		
KEGEEEEENTEEPPQGEEEESMETQE	K	-	365	390	26	3,4	0.9935	4	1.8827568E8	MS/MS	1K(229.1629),N-term(229.1629)		sp|Q12905|ILF2_HUMAN	Q12905	ILF2_HUMAN	ILF2	Interleukin enhancer-binding factor 2		
LAADEDDDDDDEEDDDEDDDDDDFDDEEAEEK	K	A	158	189	32	3,4	1.0	3	2.07135536E8	MS/MS	32K(229.1629),N-term(229.1629)		sp|P06748|NPM_HUMAN	P06748	NPM_HUMAN	NPM1	Nucleophosmin		
LAADEDDDDDDEEDDDEDDDDDDFDDEEAEEKAPVK	K	K	158	193	36	3,4,5,6	1.0	7	4.5180363E10	MS/MS	32K(229.1629),36K(229.1629),N-term(229.1629)		sp|P06748|NPM_HUMAN	P06748	NPM_HUMAN	NPM1	Nucleophosmin		
LAPITSDPTEATAVGAVEASFK	R	C	401	422	22	2,3	0.9987	2	2.4907968E9	MS/MS	22K(229.1629),N-term(229.1629)		sp|P14618|KPYM_HUMAN	P14618	KPYM_HUMAN	PKM	Pyruvate kinase PKM		
LATQSNEITIPVTFESR	K	A	172	188	17	3	0.9973	1	4.38083904E8	MS/MS	N-term(229.1629)		sp|P04792|HSPB1_HUMAN	P04792	HSPB1_HUMAN	HSPB1	Heat shock protein beta-1		
LCQGLFFR	K	V	804	811	8	2	0.8244	1	1.68057008E8	MS/MS	2C(57.0215),N-term(229.1629)		sp|Q9Y4L1|HYOU1_HUMAN	Q9Y4L1	HYOU1_HUMAN	HYOU1	Hypoxia up-regulated protein 1		
LDLLEDR	R	S	158	164	7	2	0.8917	1	1.47431472E8	MS/MS	N-term(229.1629)		sp|Q14697|GANAB_HUMAN	Q14697	GANAB_HUMAN	GANAB	Neutral alpha-glucosidase AB		
LDYLSSLK	R	V	248	255	8	2	0.8997	1	8.5109008E7	MS/MS	8K(229.1629),N-term(229.1629)		sp|P08195|4F2_HUMAN	P08195	4F2_HUMAN	SLC3A2	Amino acid transporter heavy chain SLC3A2		
LEILQIHTK	R	N	378	386	9	3	0.9377	1	2.7772614E7	MS/MS	9K(229.1629),N-term(229.1629)		sp|P55072|TERA_HUMAN	P55072	TERA_HUMAN	VCP	Transitional endoplasmic reticulum ATPase		
LELAQYR	K	E	435	441	7	2	0.8851	1	1.0277753E9	MS/MS	N-term(229.1629)		sp|P25705|ATPA_HUMAN	P25705	ATPA_HUMAN	ATP5F1A	ATP synthase subunit alpha, mitochondrial		
LFPDTPLALDANK	K	K	588	600	13	3	0.9267	1	3.59449856E8	MS/MS	13K(229.1629),N-term(229.1629)		sp|Q12906|ILF3_HUMAN	Q12906	ILF3_HUMAN	ILF3	Interleukin enhancer-binding factor 3		
LGLCAAALLCVCRPGAVR	R	A	4	21	18	3	0.7513	1	1.01413325E9	MS/MS	10C(57.0215),12C(57.0215),4C(57.0215),N-term(229.1629)		sp|Q5R3F8|PPR29_HUMAN	Q5R3F8	PPR29_HUMAN	ELFN2	Protein phosphatase 1 regulatory subunit 29		
LGYSDAEMDEQEEGGWDPEEMAEDCNGAGLVNVESTQGPR	R	I	430	469	40	4	0.8482	1	6.4583368E7	MS/MS	21M(15.9949),25C(57.0215),8M(15.9949),N-term(229.1629)		sp|P17040|ZSC20_HUMAN	P17040	ZSC20_HUMAN	ZSCAN20	Zinc finger and SCAN domain-containing protein 20		
LIDVNHYAK	K	D	638	646	9	3	0.6901	1	2260560.5	MS/MS	9K(229.1629),N-term(229.1629)		sp|Q13813|SPTN1_HUMAN	Q13813	SPTN1_HUMAN	SPTAN1	Spectrin alpha chain, non-erythrocytic 1		
LIPDSIGK	K	D	188	195	8	2	0.9603	1	5.06984448E8	MS/MS	8K(229.1629),N-term(229.1629)		sp|P61247|RS3A_HUMAN	P61247	RS3A_HUMAN	RPS3A	Small ribosomal subunit protein eS1		
LISWYDNEFGYSNR	K	V	310	323	14	3	0.9991	1	6.7230586E8	MS/MS	N-term(229.1629)		sp|P04406|G3P_HUMAN	P04406	G3P_HUMAN	GAPDH	Glyceraldehyde-3-phosphate dehydrogenase		
LKGDDLQAIK	K	Q	175	184	10	3	0.9567	1	3.59196992E8	MS/MS	10K(229.1629),2K(229.1629),N-term(229.1629)		sp|B7ZW38|HNRC3_HUMAN	B7ZW38	HNRC3_HUMAN	HNRNPCL3	Heterogeneous nuclear ribonucleoprotein C-like 3	HNRNPC, HNRNPCL1, HNRNPCL2, HNRNPCL4	sp|B2RXH8|HNRC2_HUMAN, sp|O60812|HNRC1_HUMAN, sp|P07910|HNRPC_HUMAN, sp|P0DMR1|HNRC4_HUMAN
LLDLVQQSCNYK	K	Q	22	33	12	3	0.9156	2	3.01286432E8	MS/MS	12K(229.1629),9C(57.0215),N-term(229.1629)		sp|P55769|NH2L1_HUMAN	P55769	NH2L1_HUMAN	SNU13	NHP2-like protein 1		
LLFNDVQTLK	R	D	588	597	10	2	0.9379	1	3.95860704E8	MS/MS	10K(229.1629),N-term(229.1629)		sp|Q15149|PLEC_HUMAN	Q15149	PLEC_HUMAN	PLEC	Plectin		
LLVSASQDGK	K	L	69	78	10	3	0.7103	1	1.09401904E8	MS/MS	10K(229.1629),N-term(229.1629)		sp|P16520|GBB3_HUMAN	P16520	GBB3_HUMAN	GNB3	Guanine nucleotide-binding protein G(I)/G(S)/G(T) subunit beta-3	GNB1, GNB2, GNB4	sp|P62873|GBB1_HUMAN, sp|P62879|GBB2_HUMAN, sp|Q9HAV0|GBB4_HUMAN
LMVALAK	K	G	170	176	7	2	0.8814	1	1.05562746E9	MS/MS	7K(229.1629),N-term(229.1629)		sp|A6NMY6|AXA2L_HUMAN	A6NMY6	AXA2L_HUMAN	ANXA2P2	Putative annexin A2-like protein	ANXA2	sp|P07355|ANXA2_HUMAN
LNMATLR	R	M	945	951	7	2	0.7339	1	6.273588E7	MS/MS	N-term(229.1629)		sp|Q08211|DHX9_HUMAN	Q08211	DHX9_HUMAN	DHX9	ATP-dependent RNA helicase A		
LNQYFQK	R	E	185	191	7	2	0.8841	1	4.80224096E8	MS/MS	7K(229.1629),N-term(229.1629)		sp|Q08211|DHX9_HUMAN	Q08211	DHX9_HUMAN	DHX9	ATP-dependent RNA helicase A		
LQPFATEADVEEALR	K	L	628	642	15	3	0.997	1	3.719484E7	MS/MS	N-term(229.1629)		sp|P33992|MCM5_HUMAN	P33992	MCM5_HUMAN	MCM5	DNA replication licensing factor MCM5		
LSELEAALQR	K	A	353	362	10	2	0.9952	1	1.47750973E10	MS/MS	N-term(229.1629)		sp|P05787|K2C8_HUMAN	P05787	K2C8_HUMAN	KRT8	Keratin, type II cytoskeletal 8		
LSLEGDHSTPPSAYGSVK	K	A	11	28	18	3	0.9993	1	3235762.8	MS/MS	18K(229.1629),N-term(229.1629)		sp|A6NMY6|AXA2L_HUMAN	A6NMY6	AXA2L_HUMAN	ANXA2P2	Putative annexin A2-like protein	ANXA2	sp|P07355|ANXA2_HUMAN
LTAELIEQAAQYTNAVR	K	D	4	20	17	3	0.9995	1	8.087752E7	MS/MS	N-term(229.1629)		sp|P09661|RU2A_HUMAN	P09661	RU2A_HUMAN	SNRPA1	U2 small nuclear ribonucleoprotein A'		
LTTLPSDFCGLTHLVK	K	L	51	66	16	3	0.9986	1	4.42315392E8	MS/MS	16K(229.1629),9C(57.0215),N-term(229.1629)		sp|Q96AG4|LRC59_HUMAN	Q96AG4	LRC59_HUMAN	LRRC59	Leucine-rich repeat-containing protein 59		
LTWHSCPEDEAQ	R	-	172	183	12	2	0.7746	1	2.74697888E8	MS/MS	6C(57.0215),N-term(229.1629)		sp|Q13185|CBX3_HUMAN	Q13185	CBX3_HUMAN	CBX3	Chromobox protein homolog 3		
LVESLPQEIK	K	A	164	173	10	2	0.9826	1	3.02890944E8	MS/MS	10K(229.1629),N-term(229.1629)		sp|P52815|RM12_HUMAN	P52815	RM12_HUMAN	MRPL12	Large ribosomal subunit protein bL12m		
LVGDVDFEGVR	K	Q	289	299	11	2	0.9995	1	8.4176848E7	MS/MS	N-term(229.1629)		sp|P13995|MTDC_HUMAN	P13995	MTDC_HUMAN	MTHFD2	Bifunctional methylenetetrahydrofolate dehydrogenase/cyclohydrolase, mitochondrial		
LVLLGESAVGK	K	S	24	34	11	2	0.9995	1	6.4193472E7	MS/MS	11K(229.1629),N-term(229.1629)		sp|P51148|RAB5C_HUMAN	P51148	RAB5C_HUMAN	RAB5C	Ras-related protein Rab-5C	RAB5A, RAB5B	sp|P20339|RAB5A_HUMAN, sp|P61020|RAB5B_HUMAN
LYTLVLTDPDAPSR	K	K	63	76	14	3	0.983	1	7.0888696E7	MS/MS	N-term(229.1629)		sp|P30086|PEBP1_HUMAN	P30086	PEBP1_HUMAN	PEBP1	Phosphatidylethanolamine-binding protein 1		
MAATFIGNSTAIQELFK	K	R	363	379	17	3	0.9773	1	1.17926992E8	MS/MS	17K(229.1629),1M(15.9949),N-term(229.1629)		sp|P04350|TBB4A_HUMAN	P04350	TBB4A_HUMAN	TUBB4A	Tubulin beta-4A chain		
MESALDQLK	R	Q	11	19	9	2	0.9948	1	3.8888696E7	MS/MS	9K(229.1629),N-term(229.1629)		sp|P37837|TALDO_HUMAN	P37837	TALDO_HUMAN	TALDO1	Transaldolase		
MESEGGADDSAEEGDLLDDDDNEDRGDDQLELIKDDEK	K	E	251	288	38	3,4,5	1.0	4	4.04191232E8	MS/MS	34K(229.1629),38K(229.1629),N-term(229.1629)		sp|P07910|HNRPC_HUMAN	P07910	HNRPC_HUMAN	HNRNPC	Heterogeneous nuclear ribonucleoproteins C1/C2		
MESEGGADDSVEEGDLLCDDDNEDQGDNQLELIK	K	D	238	271	34	4	0.9959	1	0.0	MS/MS	18C(57.0215),34K(229.1629),N-term(229.1629)		sp|B7ZW38|HNRC3_HUMAN	B7ZW38	HNRC3_HUMAN	HNRNPCL3	Heterogeneous nuclear ribonucleoprotein C-like 3	HNRNPCL4	sp|P0DMR1|HNRC4_HUMAN
MESEGGADDSVEEGDLLCDDDNEDQGDNQLELIKDDEK	K	G	238	275	38	4,5	0.9979	8	1.04488664E8	MS/MS	18C(57.0215),1M(15.9949),34K(229.1629),38K(229.1629),N-term(229.1629)		sp|B7ZW38|HNRC3_HUMAN	B7ZW38	HNRC3_HUMAN	HNRNPCL3	Heterogeneous nuclear ribonucleoprotein C-like 3	HNRNPCL4	sp|P0DMR1|HNRC4_HUMAN
MGPAIER	R	M	518	524	7	2	0.7687	1	3.57221088E8	MS/MS	N-term(229.1629)		sp|P52272|HNRPM_HUMAN	P52272	HNRPM_HUMAN	HNRNPM	Heterogeneous nuclear ribonucleoprotein M		
MGPGIDR	R	L	404	410	7	2	0.7511	1	1.0728504E8	MS/MS	N-term(229.1629)		sp|P52272|HNRPM_HUMAN	P52272	HNRPM_HUMAN	HNRNPM	Heterogeneous nuclear ribonucleoprotein M		
MIAGQVLDINLAAEPK	R	V	74	89	16	3	0.9827	2	1.8971031E9	MS/MS	16K(229.1629),1M(15.9949),N-term(229.1629)		sp|P07910|HNRPC_HUMAN	P07910	HNRPC_HUMAN	HNRNPC	Heterogeneous nuclear ribonucleoproteins C1/C2		
MQASIEK	K	G	251	257	7	2	0.7556	1	2.24814029E9	MS/MS	7K(229.1629),N-term(229.1629)		sp|P06748|NPM_HUMAN	P06748	NPM_HUMAN	NPM1	Nucleophosmin		
MQLLEIITTEK	K	T	506	516	11	3	0.924	1	7.3525192E7	MS/MS	11K(229.1629),N-term(229.1629)		sp|P40939|ECHA_HUMAN	P40939	ECHA_HUMAN	HADHA	Trifunctional enzyme subunit alpha, mitochondrial		
MSATFIGNSTAIQELFK	K	R	363	379	17	3	0.9992	2	2.12824896E8	MS/MS	17K(229.1629),1M(15.9949),N-term(229.1629)		sp|P68371|TBB4B_HUMAN	P68371	TBB4B_HUMAN	TUBB4B	Tubulin beta-4B chain	TUBB2A, TUBB2B	sp|Q13885|TBB2A_HUMAN, sp|Q9BVA1|TBB2B_HUMAN
MTDQEAIQDLWQWR	R	K	278	291	14	3	0.9953	2	2.41749504E8	MS/MS	N-term(229.1629)		sp|P06748|NPM_HUMAN	P06748	NPM_HUMAN	NPM1	Nucleophosmin		
MVDPEKPQLGMIDR	K	W	143	156	14	3	0.9595	1	5.5468544E7	MS/MS	6K(229.1629),N-term(229.1629)		sp|P09874|PARP1_HUMAN	P09874	PARP1_HUMAN	PARP1	Poly [ADP-ribose] polymerase 1		
MVNDAEK	R	F	541	547	7	2	0.627	1	1.34545344E9	MS/MS	7K(229.1629),N-term(229.1629)		sp|P11021|BIP_HUMAN	P11021	BIP_HUMAN	HSPA5	Endoplasmic reticulum chaperone BiP		
MVVPAALK	R	V	118	125	8	2	0.8808	1	2.13424336E8	MS/MS	8K(229.1629),N-term(229.1629)		sp|P40429|RL13A_HUMAN	P40429	RL13A_HUMAN	RPL13A	Large ribosomal subunit protein uL13	RPL13AP3	sp|Q6NVV1|R13P3_HUMAN
NASEMIDK	K	L	263	270	8	2	0.9725	1	1.29500856E8	MS/MS	8K(229.1629),N-term(229.1629)		sp|P36542|ATPG_HUMAN	P36542	ATPG_HUMAN	ATP5F1C	ATP synthase subunit gamma, mitochondrial		
NGFLLDGFPR	K	T	94	103	10	2	0.9928	1	1.81834768E8	MS/MS	N-term(229.1629)		sp|P54819|KAD2_HUMAN	P54819	KAD2_HUMAN	AK2	Adenylate kinase 2, mitochondrial		
NHSGNDERDEEDEERESK	K	S	328	345	18	4	0.9999	2	3.31958048E8	MS/MS	18K(229.1629),N-term(229.1629)		sp|Q8IWS0|PHF6_HUMAN	Q8IWS0	PHF6_HUMAN	PHF6	PHD finger protein 6		
NIGLGFK	K	T	39	45	7	2	0.9322	1	3.8487376E8	MS/MS	7K(229.1629),N-term(229.1629)		sp|P62280|RS11_HUMAN	P62280	RS11_HUMAN	RPS11	Small ribosomal subunit protein uS17		
NIPPYFVALVPQEEELDDQK	R	I	405	424	20	3	0.9999	2	3.04578496E8	MS/MS	20K(229.1629),N-term(229.1629)		sp|P12956|XRCC6_HUMAN	P12956	XRCC6_HUMAN	XRCC6	X-ray repair cross-complementing protein 6		
NLIPFDQMTIEDLNEAFPETK	K	L	124	144	21	3	0.8688	1	1.3301995E7	MS/MS	21K(229.1629),8M(15.9949),N-term(229.1629)		sp|O75947|ATP5H_HUMAN	O75947	ATP5H_HUMAN	ATP5PD	ATP synthase subunit d, mitochondrial		
NLVDPFVEVSFAGK	K	M	414	427	14	3	0.9498	1	3.6606684E7	MS/MS	14K(229.1629),N-term(229.1629)		sp|O75923|DYSF_HUMAN	O75923	DYSF_HUMAN	DYSF	Dysferlin	MYOF	sp|Q9NZM1|MYOF_HUMAN
NPPGFAFVEFEDPRDAEDAVR	R	G	45	65	21	3	0.9936	1	6.2845292E7	MS/MS	N-term(229.1629)		sp|Q16629|SRSF7_HUMAN	Q16629	SRSF7_HUMAN	SRSF7	Serine/arginine-rich splicing factor 7		
NVFIIGATNRPDIIDPAILRPGR	K	L	616	638	23	4	0.9989	2	1.12731016E8	MS/MS	N-term(229.1629)		sp|P55072|TERA_HUMAN	P55072	TERA_HUMAN	VCP	Transitional endoplasmic reticulum ATPase		
NVPYVFVR	K	S	77	84	8	2	0.8824	1	1.9457872E8	MS/MS	N-term(229.1629)		sp|P55769|NH2L1_HUMAN	P55769	NH2L1_HUMAN	SNU13	NHP2-like protein 1		
NVTLPAVFK	K	A	21	29	9	2	0.9958	1	3.48220704E8	MS/MS	9K(229.1629),N-term(229.1629)		sp|P36578|RL4_HUMAN	P36578	RL4_HUMAN	RPL4	Large ribosomal subunit protein uL4		
PVSSAASVYAGAGGSGSR	R	I	28	45	18	3	0.9956	1	6.0083123E8	MS/MS	N-term(229.1629)		sp|P05783|K1C18_HUMAN	P05783	K1C18_HUMAN	KRT18	Keratin, type I cytoskeletal 18		
QAQEYEALLNIK	R	V	359	370	12	3	0.9832	1	7.4868378E9	MS/MS	12K(229.1629),N-term(229.1629)		sp|P05783|K1C18_HUMAN	P05783	K1C18_HUMAN	KRT18	Keratin, type I cytoskeletal 18		
QLAEDFLK	R	D	288	295	8	2	0.8964	1	7.9567024E7	MS/MS	8K(229.1629),N-term(229.1629)		sp|P17844|DDX5_HUMAN	P17844	DDX5_HUMAN	DDX5	Probable ATP-dependent RNA helicase DDX5		
QLFALSCTAEEQGVLPDDLSGVIR	R	R	106	129	24	3	1.0	2	1.10277904E8	MS/MS	7C(57.0215),N-term(229.1629)		sp|P04899|GNAI2_HUMAN	P04899	GNAI2_HUMAN	GNAI2	Guanine nucleotide-binding protein G(i) subunit alpha-2		
QLFDQVVK	K	T	28	35	8	2	0.9801	1	4.68978688E8	MS/MS	8K(229.1629),N-term(229.1629)		sp|P15311|EZRI_HUMAN	P15311	EZRI_HUMAN	EZR	Ezrin	MSN, RDX	sp|P26038|MOES_HUMAN, sp|P35241|RADI_HUMAN
QLPTLILFQGGK	K	E	216	227	12	3	0.7177	1	1.1950961E7	MS/MS	12K(229.1629),N-term(229.1629)		sp|Q9Y320|TMX2_HUMAN	Q9Y320	TMX2_HUMAN	TMX2	Thioredoxin-related transmembrane protein 2		
QLSSGVSEIR	R	H	80	89	10	2	0.9854	1	2.10578688E8	MS/MS	N-term(229.1629)		sp|P04792|HSPB1_HUMAN	P04792	HSPB1_HUMAN	HSPB1	Heat shock protein beta-1		
QTIDNSQGAYQEAFDISK	K	K	140	157	18	3	0.9984	1	1.05548808E8	MS/MS	18K(229.1629),N-term(229.1629)		sp|P27348|1433T_HUMAN	P27348	1433T_HUMAN	YWHAQ	14-3-3 protein theta		
QVDQLTNDK	R	A	160	168	9	2	0.9652	1	1.26659584E9	MS/MS	9K(229.1629),N-term(229.1629)		sp|P08670|VIME_HUMAN	P08670	VIME_HUMAN	VIM	Vimentin		
SAAETVTK	R	G	21	28	8	2	0.9517	1	1.48827123E9	MS/MS	8K(229.1629),N-term(229.1629)		sp|P61604|CH10_HUMAN	P61604	CH10_HUMAN	HSPE1	10 kDa heat shock protein, mitochondrial		
SADTLWGIQK	K	E	319	328	10	2	0.9941	1	5.33731072E8	MS/MS	10K(229.1629),N-term(229.1629)		sp|P00338|LDHA_HUMAN	P00338	LDHA_HUMAN	LDHA	L-lactate dehydrogenase A chain		
SDQDYILK	K	E	94	101	8	2	0.8713	1	2.27028192E8	MS/MS	8K(229.1629),N-term(229.1629)		sp|Q9UQ80|PA2G4_HUMAN	Q9UQ80	PA2G4_HUMAN	PA2G4	Proliferation-associated protein 2G4		
SDRPELTGAK	K	V	207	216	10	3	0.9804	1	9.2328496E7	MS/MS	10K(229.1629),N-term(229.1629)		sp|P13804|ETFA_HUMAN	P13804	ETFA_HUMAN	ETFA	Electron transfer flavoprotein subunit alpha, mitochondrial		
SEVDMLK	R	I	296	302	7	2	0.8445	1	1.2483812E8	MS/MS	7K(229.1629),N-term(229.1629)		sp|A6NMY6|AXA2L_HUMAN	A6NMY6	AXA2L_HUMAN	ANXA2P2	Putative annexin A2-like protein	ANXA2	sp|P07355|ANXA2_HUMAN
SILFVPTSAPR	K	G	385	395	11	2	0.9992	1	1.55153101E9	MS/MS	N-term(229.1629)		sp|P14625|ENPL_HUMAN	P14625	ENPL_HUMAN	HSP90B1	Endoplasmin		
SISQQSGAR	K	I	401	409	9	2	0.8453	1	5.686398E7	MS/MS	N-term(229.1629)		sp|Q96AE4|FUBP1_HUMAN	Q96AE4	FUBP1_HUMAN	FUBP1	Far upstream element-binding protein 1		
SKDQDDQKPGPSER	K	S	536	549	14	4	0.9934	1	2.56935648E8	MS/MS	2K(229.1629),8K(229.1629),N-term(229.1629)		sp|Q15424|SAFB1_HUMAN	Q15424	SAFB1_HUMAN	SAFB	Scaffold attachment factor B1		
SLDLFNCEVTNLNDYR	K	E	117	132	16	3	0.9949	1	4.14872704E8	MS/MS	7C(57.0215),N-term(229.1629)		sp|P39687|AN32A_HUMAN	P39687	AN32A_HUMAN	ANP32A	Acidic leucine-rich nuclear phosphoprotein 32 family member A	ANP32B	sp|Q92688|AN32B_HUMAN
SLDMDSIIAEVK	R	A	253	264	12	3	0.9862	3	2.87516237E9	MS/MS	12K(229.1629),4M(15.9949),N-term(229.1629)		sp|P05787|K2C8_HUMAN	P05787	K2C8_HUMAN	KRT8	Keratin, type II cytoskeletal 8		
SLGSVQAPSYGAR	R	P	15	27	13	2	0.9975	1	1.01998305E10	MS/MS	N-term(229.1629)		sp|P05783|K1C18_HUMAN	P05783	K1C18_HUMAN	KRT18	Keratin, type I cytoskeletal 18		
SLQDIIAILGMDELSEEDK	K	L	433	451	19	3	0.9905	1	1.23700424E8	MS/MS	11M(15.9949),19K(229.1629),N-term(229.1629)		sp|P06576|ATPB_HUMAN	P06576	ATPB_HUMAN	ATP5F1B	ATP synthase subunit beta, mitochondrial		
SSQPLASK	K	Q	8	15	8	2	0.9611	1	1.43318848E9	MS/MS	8K(229.1629),N-term(229.1629)		sp|P17096|HMGA1_HUMAN	P17096	HMGA1_HUMAN	HMGA1	High mobility group protein HMG-I/HMG-Y		
STFSTNYR	R	S	7	14	8	2	0.9539	1	1.8905064E8	MS/MS	N-term(229.1629)		sp|P05783|K1C18_HUMAN	P05783	K1C18_HUMAN	KRT18	Keratin, type I cytoskeletal 18		
STLEPVEK	R	A	312	319	8	2	0.9809	1	2.73806464E8	MS/MS	8K(229.1629),N-term(229.1629)		sp|P0DMV8|HS71A_HUMAN	P0DMV8	HS71A_HUMAN	HSPA1A	Heat shock 70 kDa protein 1A	HSPA1B, HSPA6, HSPA7	sp|P0DMV9|HS71B_HUMAN, sp|P17066|HSP76_HUMAN, sp|P48741|HSP77_HUMAN
STLINTLFK	K	S	312	320	9	2	0.9445	1	7.0607472E7	MS/MS	9K(229.1629),N-term(229.1629)		sp|Q9UHD8|SEPT9_HUMAN	Q9UHD8	SEPT9_HUMAN	SEPTIN9	Septin-9		
SYAEELAK	K	H	65	72	8	2	0.9568	1	3.9330016E7	MS/MS	8K(229.1629),N-term(229.1629)		sp|Q53GQ0|DHB12_HUMAN	Q53GQ0	DHB12_HUMAN	HSD17B12	Very-long-chain 3-oxoacyl-CoA reductase		
SYELPDGQVITIGNER	K	F	239	254	16	2,3	0.9995	2	6.1444029E9	MS/MS	N-term(229.1629)		sp|P60709|ACTB_HUMAN	P60709	ACTB_HUMAN	ACTB	Actin, cytoplasmic 1	ACTA1, ACTA2, ACTBL2, ACTC1, ACTG1, ACTG2, POTEE, POTEF, POTEKP	sp|A5A3E0|POTEF_HUMAN, sp|P62736|ACTA_HUMAN, sp|P63261|ACTG_HUMAN, sp|P63267|ACTH_HUMAN, sp|P68032|ACTC_HUMAN, sp|P68133|ACTS_HUMAN, sp|Q562R1|ACTBL_HUMAN, sp|Q6S8J3|POTEE_HUMAN, sp|Q9BYX7|ACTBM_HUMAN
SYPGSQLDILIDQGK	K	D	210	224	15	3	0.9779	1	3.9560844E7	MS/MS	15K(229.1629),N-term(229.1629)		sp|P10768|ESTD_HUMAN	P10768	ESTD_HUMAN	ESD	S-formylglutathione hydrolase		
TALLDAAGVASLLTTAEVVVTEIPK	R	E	527	551	25	3	0.9997	1	1.19910392E8	MS/MS	25K(229.1629),N-term(229.1629)		sp|P10809|CH60_HUMAN	P10809	CH60_HUMAN	HSPD1	60 kDa heat shock protein, mitochondrial		
TCLHYLGEFGEDQIYEAHQQGR	R	G	142	163	22	4	0.9999	1	2.1705264E8	MS/MS	2C(57.0215),N-term(229.1629)		sp|Q8WU39|MZB1_HUMAN	Q8WU39	MZB1_HUMAN	MZB1	Marginal zone B- and B1-cell-specific protein		
TDDEVVQR	R	E	44	51	8	2	0.9359	1	9.9861299E8	MS/MS	N-term(229.1629)		sp|P14625|ENPL_HUMAN	P14625	ENPL_HUMAN	HSP90B1	Endoplasmin		
TFESLVDFSK	K	A	193	202	10	2	0.9814	1	1.09407448E8	MS/MS	10K(229.1629),N-term(229.1629)		sp|Q16836|HCDH_HUMAN	Q16836	HCDH_HUMAN	HADH	Hydroxyacyl-coenzyme A dehydrogenase, mitochondrial		
TFVNITPAEVGVLVGK	K	D	39	54	16	2,3	0.9974	2	7.5849862E8	MS/MS	16K(229.1629),N-term(229.1629)		sp|P07737|PROF1_HUMAN	P07737	PROF1_HUMAN	PFN1	Profilin-1		
TGEAIVDAALSALR	R	Q	119	132	14	3	0.9829	1	2.53375568E8	MS/MS	N-term(229.1629)		sp|Q15084|PDIA6_HUMAN	Q15084	PDIA6_HUMAN	PDIA6	Protein disulfide-isomerase A6		
TGISDVFAK	K	N	325	333	9	2	0.9709	1	2.46187059E9	MS/MS	9K(229.1629),N-term(229.1629)		sp|P19338|NUCL_HUMAN	P19338	NUCL_HUMAN	NCL	Nucleolin		
TGLIIGK	K	G	388	394	7	2	0.7122	1	2.06611824E8	MS/MS	7K(229.1629),N-term(229.1629)		sp|Q96AE4|FUBP1_HUMAN	Q96AE4	FUBP1_HUMAN	FUBP1	Far upstream element-binding protein 1		
TGYSFVNCK	K	K	57	65	9	2	0.9125	1	2.1703218E7	MS/MS	8C(57.0215),9K(229.1629),N-term(229.1629)		sp|P43897|EFTS_HUMAN	P43897	EFTS_HUMAN	TSFM	Elongation factor Ts, mitochondrial		
THSDQFLVAFK	R	E	144	154	11	3	0.9148	1	1.52961392E8	MS/MS	11K(229.1629),N-term(229.1629)		sp|P36542|ATPG_HUMAN	P36542	ATPG_HUMAN	ATP5F1C	ATP synthase subunit gamma, mitochondrial		
TIGGGDDSFNTFFSETGAGK	K	H	41	60	20	2,3	0.9997	2	4.25368806E9	MS/MS	20K(229.1629),N-term(229.1629)		sp|P0DPH7|TBA3C_HUMAN	P0DPH7	TBA3C_HUMAN	TUBA3C	Tubulin alpha-3C chain	TUBA1A, TUBA1B, TUBA1C, TUBA3D, TUBA3E	sp|P0DPH8|TBA3D_HUMAN, sp|P68363|TBA1B_HUMAN, sp|Q6PEY2|TBA3E_HUMAN, sp|Q71U36|TBA1A_HUMAN, sp|Q9BQE3|TBA1C_HUMAN
TIGTGLVTNTLAMTEEEK	R	N	433	450	18	3	0.9991	1	1.61194432E8	MS/MS	18K(229.1629),N-term(229.1629)		sp|P49411|EFTU_HUMAN	P49411	EFTU_HUMAN	TUFM	Elongation factor Tu, mitochondrial		
TIIQNPTDQQK	K	K	200	210	11	3	0.9329	1	1.15463152E8	MS/MS	11K(229.1629),N-term(229.1629)		sp|Q9UQ80|PA2G4_HUMAN	Q9UQ80	PA2G4_HUMAN	PA2G4	Proliferation-associated protein 2G4		
TILMMGR	R	Y	450	456	7	2	0.863	1	4.9175104E7	MS/MS	N-term(229.1629)		sp|P13639|EF2_HUMAN	P13639	EF2_HUMAN	EEF2	Elongation factor 2		
TIVFVETK	K	R	344	351	8	2	0.927	1	2.29052112E8	MS/MS	8K(229.1629),N-term(229.1629)		sp|P17844|DDX5_HUMAN	P17844	DDX5_HUMAN	DDX5	Probable ATP-dependent RNA helicase DDX5		
TLDSVAK	K	E	91	97	7	2	0.7922	1	7.5390688E8	MS/MS	7K(229.1629),N-term(229.1629)		sp|P02545|LMNA_HUMAN	P02545	LMNA_HUMAN	LMNA	Prelamin-A/C		
TLNDELEIIEGMK	K	F	206	218	13	3	0.981	1	2.93124416E8	MS/MS	13K(229.1629),N-term(229.1629)		sp|P10809|CH60_HUMAN	P10809	CH60_HUMAN	HSPD1	60 kDa heat shock protein, mitochondrial		
TPGPGAQSALR	K	A	107	117	11	2	0.9095	1	7.4210768E7	MS/MS	N-term(229.1629)		sp|P62263|RS14_HUMAN	P62263	RS14_HUMAN	RPS14	Small ribosomal subunit protein uS11		
TSATVGPK	K	A	121	128	8	2	0.8747	1	7.1009549E8	MS/MS	8K(229.1629),N-term(229.1629)		sp|P16104|H2AX_HUMAN	P16104	H2AX_HUMAN	H2AX	Histone H2AX		
TSIDAYDNFDNISLAQR	R	L	1482	1498	17	3	0.9996	1	1.34380784E8	MS/MS	N-term(229.1629)		sp|Q00610|CLH1_HUMAN	Q00610	CLH1_HUMAN	CLTC	Clathrin heavy chain 1		
TSIEDQDELSSLLQVPLVAGTVNR	K	G	165	188	24	3	0.9993	1	5.6139492E7	MS/MS	N-term(229.1629)		sp|P56537|IF6_HUMAN	P56537	IF6_HUMAN	EIF6	Eukaryotic translation initiation factor 6		
TTGIVMDSGDGVTHTVPIYEGYALPHAILR	R	L	148	177	30	4	0.9999	1	3.3079026E7	MS/MS	6M(15.9949),N-term(229.1629)		sp|P60709|ACTB_HUMAN	P60709	ACTB_HUMAN	ACTB	Actin, cytoplasmic 1	ACTG1	sp|P63261|ACTG_HUMAN
TTPSYVAFTDTER	R	L	37	49	13	3	0.9576	1	4.37656288E8	MS/MS	N-term(229.1629)		sp|P0DMV8|HS71A_HUMAN	P0DMV8	HS71A_HUMAN	HSPA1A	Heat shock 70 kDa protein 1A	HSPA1B, HSPA1L, HSPA2, HSPA6, HSPA7, HSPA8	sp|P0DMV9|HS71B_HUMAN, sp|P11142|HSP7C_HUMAN, sp|P17066|HSP76_HUMAN, sp|P34931|HS71L_HUMAN, sp|P48741|HSP77_HUMAN, sp|P54652|HSP72_HUMAN
TVAQQHDEDGIEEEDDDDDEIDDDDTISDWNLR	R	K	352	384	33	3,4	1.0	2	1.05001747E9	MS/MS	N-term(229.1629)		sp|Q92973|TNPO1_HUMAN	Q92973	TNPO1_HUMAN	TNPO1	Transportin-1		
TVLDLAVVLFETATLR	K	S	709	724	16	3	0.9149	1	668415.44	MS/MS	N-term(229.1629)		sp|P14625|ENPL_HUMAN	P14625	ENPL_HUMAN	HSP90B1	Endoplasmin		
TYSLGSALRPSTSR	R	S	37	50	14	3	0.9936	1	1.56636851E9	MS/MS	N-term(229.1629)		sp|P08670|VIME_HUMAN	P08670	VIME_HUMAN	VIM	Vimentin		
VADNLAIQLAAVTEDK	K	Y	128	143	16	3	0.9969	1	2.96949248E8	MS/MS	16K(229.1629),N-term(229.1629)		sp|Q12906|ILF3_HUMAN	Q12906	ILF3_HUMAN	ILF3	Interleukin enhancer-binding factor 3		
VCNFLASQVPFPSR	K	L	213	226	14	3	0.9883	2	2.40761792E8	MS/MS	2C(57.0215),N-term(229.1629)		sp|Q99714|HCD2_HUMAN	Q99714	HCD2_HUMAN	HSD17B10	3-hydroxyacyl-CoA dehydrogenase type-2		
VDCTANTNTCNK	K	Y	83	94	12	3	0.9693	1	6.3640435E8	MS/MS	10C(57.0215),12K(229.1629),3C(57.0215),N-term(229.1629)		sp|P30101|PDIA3_HUMAN	P30101	PDIA3_HUMAN	PDIA3	Protein disulfide-isomerase A3		
VDFNVPMK	R	N	23	30	8	2	0.8527	1	1.82024608E8	MS/MS	8K(229.1629),N-term(229.1629)		sp|P00558|PGK1_HUMAN	P00558	PGK1_HUMAN	PGK1	Phosphoglycerate kinase 1	PGK2	sp|P07205|PGK2_HUMAN
VDFSITK	R	R	191	197	7	2	0.7051	1	2.1849472E8	MS/MS	7K(229.1629),N-term(229.1629)		sp|P62995|TRA2B_HUMAN	P62995	TRA2B_HUMAN	TRA2B	Transformer-2 protein homolog beta		
VDQIQEIVTGNPTVIK	K	M	1038	1053	16	3	0.979	2	6.7512872E7	MS/MS	16K(229.1629),N-term(229.1629)		sp|P46940|IQGA1_HUMAN	P46940	IQGA1_HUMAN	IQGAP1	Ras GTPase-activating-like protein IQGAP1		
VESLQEEIAFLK	K	K	224	235	12	3	0.9924	1	6.5225018E8	MS/MS	12K(229.1629),N-term(229.1629)		sp|P08670|VIME_HUMAN	P08670	VIME_HUMAN	VIM	Vimentin		
VESLQEEIAFLKK	K	L	224	236	13	3	0.9987	1	2.12328864E8	MS/MS	12K(229.1629),13K(229.1629),N-term(229.1629)		sp|P08670|VIME_HUMAN	P08670	VIME_HUMAN	VIM	Vimentin		
VETPVSYVGEDDEEDDDFNENDEDD	R	-	386	410	25	3	0.8433	1	1.17618893E9	MS/MS	N-term(229.1629)		sp|Q14186|TFDP1_HUMAN	Q14186	TFDP1_HUMAN	TFDP1	Transcription factor Dp-1		
VFDPVPVGVTK	K	V	698	708	11	2	0.9514	1	2.3231246E7	MS/MS	11K(229.1629),N-term(229.1629)		sp|Q08211|DHX9_HUMAN	Q08211	DHX9_HUMAN	DHX9	ATP-dependent RNA helicase A		
VFESIGK	K	F	5	11	7	2	0.8394	1	2.6380456E8	MS/MS	7K(229.1629),N-term(229.1629)		sp|P35232|PHB1_HUMAN	P35232	PHB1_HUMAN	PHB1	Prohibitin 1		
VFVGGLSPDTSEEQIK	K	E	235	250	16	3	0.9996	2	1.1811992E8	MS/MS	16K(229.1629),N-term(229.1629)		sp|O14979|HNRDL_HUMAN	O14979	HNRDL_HUMAN	HNRNPDL	Heterogeneous nuclear ribonucleoprotein D-like		
VGAVDADK	K	H	78	85	8	2	0.9559	1	4.7157536E8	MS/MS	8K(229.1629),N-term(229.1629)		sp|Q15084|PDIA6_HUMAN	Q15084	PDIA6_HUMAN	PDIA6	Protein disulfide-isomerase A6		
VGSAAQTR	R	A	417	424	8	2	0.8681	1	8.3637664E8	MS/MS	N-term(229.1629)		sp|P25705|ATPA_HUMAN	P25705	ATPA_HUMAN	ATP5F1A	ATP synthase subunit alpha, mitochondrial		
VIADNVK	K	D	150	156	7	2	0.9137	1	6.5913139E8	MS/MS	7K(229.1629),N-term(229.1629)		sp|P60174|TPIS_HUMAN	P60174	TPIS_HUMAN	TPI1	Triosephosphate isomerase		
VLQALEGLK	R	M	103	111	9	2	0.9712	1	7.646535E8	MS/MS	9K(229.1629),N-term(229.1629)		sp|P39019|RS19_HUMAN	P39019	RS19_HUMAN	RPS19	Small ribosomal subunit protein eS19		
VLVDQTTGLSR	R	G	137	147	11	2	0.9984	1	2.28376208E8	MS/MS	N-term(229.1629)		sp|Q15717|ELAV1_HUMAN	Q15717	ELAV1_HUMAN	ELAVL1	ELAV-like protein 1		
VQQTVQDLFGR	K	A	395	405	11	2	0.9985	1	1.05708992E9	MS/MS	N-term(229.1629)		sp|P38646|GRP75_HUMAN	P38646	GRP75_HUMAN	HSPA9	Stress-70 protein, mitochondrial		
VSASPLLYTLIEK	K	T	496	508	13	3	0.7597	1	1.05048912E8	MS/MS	13K(229.1629),N-term(229.1629)		sp|P02786|TFR1_HUMAN	P02786	TFR1_HUMAN	TFRC	Transferrin receptor protein 1		
VSTSGPR	K	A	12	18	7	2	0.6911	1	1.52857334E10	MS/MS	N-term(229.1629)		sp|P05787|K2C8_HUMAN	P05787	K2C8_HUMAN	KRT8	Keratin, type II cytoskeletal 8		
VTGTLETK	K	Y	65	72	8	2	0.8317	1	5.6555846E8	MS/MS	8K(229.1629),N-term(229.1629)		sp|P45880|VDAC2_HUMAN	P45880	VDAC2_HUMAN	VDAC2	Non-selective voltage-gated ion channel VDAC2		
VTIAQGGVLPNIQAVLLPK	R	K	101	119	19	3	0.9991	1	3.13455565E9	MS/MS	19K(229.1629),N-term(229.1629)		sp|P04908|H2A1B_HUMAN	P04908	H2A1B_HUMAN	H2AC4	Histone H2A type 1-B/E	H2AC11, H2AC12, H2AC14, H2AC18, H2AC20, H2AC25, H2AC6, H2AC7, H2AJ	sp|P0C0S8|H2A1_HUMAN, sp|P20671|H2A1D_HUMAN, sp|Q16777|H2A2C_HUMAN, sp|Q6FI13|H2A2A_HUMAN, sp|Q7L7L0|H2A3_HUMAN, sp|Q93077|H2A1C_HUMAN, sp|Q96KK5|H2A1H_HUMAN, sp|Q99878|H2A1J_HUMAN, sp|Q9BTM1|H2AJ_HUMAN
VTILCDK	R	F	176	182	7	2	0.8628	1	1.8220504E8	MS/MS	5C(57.0215),7K(229.1629),N-term(229.1629)		sp|A6NDY0|EPAB2_HUMAN	A6NDY0	EPAB2_HUMAN	PABPN1L	Embryonic polyadenylate-binding protein 2	PABPN1	sp|Q86U42|PABP2_HUMAN
VTLATLK	K	M	74	80	7	2	0.9195	1	5.9916831E9	MS/MS	7K(229.1629),N-term(229.1629)		sp|P06748|NPM_HUMAN	P06748	NPM_HUMAN	NPM1	Nucleophosmin		
VTNLLMLK	K	G	85	92	8	2	0.9791	1	6.9935552E7	MS/MS	8K(229.1629),N-term(229.1629)		sp|O95758|PTBP3_HUMAN	O95758	PTBP3_HUMAN	PTBP3	Polypyrimidine tract-binding protein 3	PTBP1	sp|P26599|PTBP1_HUMAN
VTQNLPMK	K	E	298	305	8	2	0.9508	1	1.0206256E8	MS/MS	8K(229.1629),N-term(229.1629)		sp|Q1KMD3|HNRL2_HUMAN	Q1KMD3	HNRL2_HUMAN	HNRNPUL2	Heterogeneous nuclear ribonucleoprotein U-like protein 2		
VVDALGNAIDGK	R	G	150	161	12	2	0.9999	1	1.14561254E9	MS/MS	12K(229.1629),N-term(229.1629)		sp|P25705|ATPA_HUMAN	P25705	ATPA_HUMAN	ATP5F1A	ATP synthase subunit alpha, mitochondrial		
VVDLLAPYAK	K	G	189	198	10	2	0.9912	1	1.72906163E9	MS/MS	10K(229.1629),N-term(229.1629)		sp|P06576|ATPB_HUMAN	P06576	ATPB_HUMAN	ATP5F1B	ATP synthase subunit beta, mitochondrial		
WEGEDEDEDVKDNWDDDDDEK	R	K	39	59	21	4	0.7495	1	1.741662E7	MS/MS	11K(229.1629),21K(229.1629),N-term(229.1629)		sp|O75822|EIF3J_HUMAN	O75822	EIF3J_HUMAN	EIF3J	Eukaryotic translation initiation factor 3 subunit J		
WGTLTDCVVMR	K	D	58	68	11	2	0.994	2	5.19074496E8	MS/MS	7C(57.0215),N-term(229.1629)		sp|P51991|ROA3_HUMAN	P51991	ROA3_HUMAN	HNRNPA3	Heterogeneous nuclear ribonucleoprotein A3		
YAPTEAQLNAVDALIDSMSLAK	K	K	444	465	22	3	0.9926	1	3.5434448E7	MS/MS	22K(229.1629),N-term(229.1629)		sp|P13010|XRCC5_HUMAN	P13010	XRCC5_HUMAN	XRCC5	X-ray repair cross-complementing protein 5		
YEEIDNAPEER	K	A	95	105	11	2	0.9866	1	3.7869216E8	MS/MS	N-term(229.1629)		sp|P49411|EFTU_HUMAN	P49411	EFTU_HUMAN	TUFM	Elongation factor Tu, mitochondrial		
YLMEEDEDAYKK	R	Q	210	221	12	3	0.998	1	2.9508286E7	MS/MS	11K(229.1629),12K(229.1629),N-term(229.1629)		sp|P46777|RL5_HUMAN	P46777	RL5_HUMAN	RPL5	Large ribosomal subunit protein uL18		
